stringId_A	stringId_B	preferredName_A	preferredName_B	ncbiTaxonId	score	nscore	fscore	pscore	ascore	escore	dscore	tscore
9606.ENSP00000178638	9606.ENSP00000405330	CA12	ESR1	9606	0.403	0	0	0	0.067	0.041	0	0.387
9606.ENSP00000178638	9606.ENSP00000367608	CA12	CA9	9606	0.739	0	0	0.124	0.084	0	0.5	0.426
9606.ENSP00000215832	9606.ENSP00000263923	MAPK1	KDR	9606	0.404	0	0	0	0	0.295	0	0.189
9606.ENSP00000215832	9606.ENSP00000219070	MAPK1	MMP2	9606	0.408	0	0	0	0.047	0	0	0.404
9606.ENSP00000215832	9606.ENSP00000381607	MAPK1	GSTP1	9606	0.411	0	0	0	0.049	0.292	0	0.196
9606.ENSP00000215832	9606.ENSP00000419260	MAPK1	PIK3CG	9606	0.439	0	0	0	0.056	0	0	0.43
9606.ENSP00000215832	9606.ENSP00000358327	MAPK1	CASP7	9606	0.451	0	0	0	0.067	0.045	0	0.433
9606.ENSP00000215832	9606.ENSP00000347942	MAPK1	RET	9606	0.459	0	0	0	0	0.387	0	0.154
9606.ENSP00000215832	9606.ENSP00000306124	MAPK1	PRKCE	9606	0.461	0	0	0	0	0.373	0	0.176
9606.ENSP00000215832	9606.ENSP00000282397	MAPK1	FLT1	9606	0.462	0	0	0	0	0.077	0	0.442
9606.ENSP00000215832	9606.ENSP00000309968	MAPK1	ADAM17	9606	0.465	0	0	0	0.049	0.292	0	0.27
9606.ENSP00000215832	9606.ENSP00000263377	MAPK1	BRD4	9606	0.465	0	0	0	0.05	0.33	0	0.226
9606.ENSP00000215832	9606.ENSP00000393312	MAPK1	FGFR1	9606	0.496	0	0	0	0	0	0.4	0.195
9606.ENSP00000215832	9606.ENSP00000299855	MAPK1	MMP3	9606	0.5	0	0	0	0.047	0	0	0.497
9606.ENSP00000215832	9606.ENSP00000437125	MAPK1	HSPA8	9606	0.506	0	0	0	0.122	0.071	0	0.443
9606.ENSP00000215832	9606.ENSP00000363822	MAPK1	AR	9606	0.527	0	0	0	0	0.292	0	0.36
9606.ENSP00000215832	9606.ENSP00000431885	MAPK1	TYK2	9606	0.54	0	0	0	0.1	0.11	0.4	0.156
9606.ENSP00000215832	9606.ENSP00000360683	MAPK1	PTPN1	9606	0.561	0	0	0	0.067	0.145	0	0.494
9606.ENSP00000215832	9606.ENSP00000275493	MAPK1	EGFR	9606	0.612	0	0	0	0.047	0.042	0	0.609
9606.ENSP00000215832	9606.ENSP00000501150	MAPK1	PIK3CB	9606	0.618	0	0	0	0.082	0	0	0.601
9606.ENSP00000215832	9606.ENSP00000477713	MAPK1	LCK	9606	0.624	0	0	0	0.059	0.545	0	0.192
9606.ENSP00000215832	9606.ENSP00000381070	MAPK1	MAP2K7	9606	0.643	0	0	0	0.069	0.51	0	0.28
9606.ENSP00000215832	9606.ENSP00000217244	MAPK1	CSNK2A1	9606	0.649	0	0	0	0.144	0.335	0	0.433
9606.ENSP00000215832	9606.ENSP00000428056	MAPK1	PIK3R1	9606	0.659	0	0	0	0.127	0	0	0.626
9606.ENSP00000215832	9606.ENSP00000354558	MAPK1	MTOR	9606	0.678	0	0	0	0.105	0.258	0	0.554
9606.ENSP00000215832	9606.ENSP00000361405	MAPK1	MMP9	9606	0.684	0	0	0	0.104	0	0	0.661
9606.ENSP00000215832	9606.ENSP00000378699	MAPK1	CDK1	9606	0.693	0	0	0.071	0.042	0.131	0	0.649
9606.ENSP00000215832	9606.ENSP00000384273	MAPK1	RELA	9606	0.717	0	0	0	0.049	0.189	0	0.662
9606.ENSP00000215832	9606.ENSP00000361423	MAPK1	ABL1	9606	0.724	0	0	0	0.064	0.11	0	0.695
9606.ENSP00000215832	9606.ENSP00000499900	MAPK1	JAK1	9606	0.745	0	0	0	0.13	0.11	0.4	0.516
9606.ENSP00000215832	9606.ENSP00000262506	MAPK1	CSNK2A2	9606	0.786	0	0	0	0.117	0.233	0	0.71
9606.ENSP00000215832	9606.ENSP00000263967	MAPK1	PIK3CA	9606	0.822	0	0	0	0.103	0	0	0.809
9606.ENSP00000215832	9606.ENSP00000358335	MAPK1	MAP3K7	9606	0.926	0	0	0	0.083	0.11	0.9	0.205
9606.ENSP00000215832	9606.ENSP00000362680	MAPK1	SRC	9606	0.932	0	0	0	0.065	0.342	0.5	0.805
9606.ENSP00000215832	9606.ENSP00000335153	MAPK1	HSP90AA1	9606	0.941	0	0	0	0.057	0.113	0.4	0.897
9606.ENSP00000215832	9606.ENSP00000343925	MAPK1	ESR2	9606	0.948	0	0	0	0	0.292	0.9	0.332
9606.ENSP00000215832	9606.ENSP00000419060	MAPK1	BRAF	9606	0.949	0	0	0	0.094	0.647	0.7	0.539
9606.ENSP00000215832	9606.ENSP00000386135	MAPK1	DAPK1	9606	0.956	0	0	0	0.042	0.385	0.9	0.354
9606.ENSP00000215832	9606.ENSP00000311032	MAPK1	CASP3	9606	0.961	0	0	0	0.1	0.045	0.9	0.599
9606.ENSP00000215832	9606.ENSP00000401888	MAPK1	RAF1	9606	0.975	0	0	0	0.115	0.8	0.7	0.593
9606.ENSP00000215832	9606.ENSP00000407586	MAPK1	HRAS	9606	0.979	0	0	0	0.056	0.098	0.9	0.783
9606.ENSP00000215832	9606.ENSP00000250896	MAPK1	MKNK2	9606	0.983	0	0	0	0.061	0.79	0.9	0.262
9606.ENSP00000215832	9606.ENSP00000405330	MAPK1	ESR1	9606	0.987	0	0	0	0	0.625	0.9	0.681
9606.ENSP00000215832	9606.ENSP00000451828	MAPK1	AKT1	9606	0.988	0	0	0	0.118	0.11	0.9	0.872
9606.ENSP00000215832	9606.ENSP00000263025	MAPK1	MAPK3	9606	0.994	0	0	0.049	0.118	0.874	0.9	0.581
9606.ENSP00000215832	9606.ENSP00000302486	MAPK1	MAP2K1	9606	0.999	0	0	0	0.152	0.929	0.9	0.95
9606.ENSP00000216392	9606.ENSP00000451828	PYGL	AKT1	9606	0.406	0	0	0	0.049	0.074	0	0.379
9606.ENSP00000216392	9606.ENSP00000263377	PYGL	BRD4	9606	0.51	0	0	0	0.042	0.51	0	0
9606.ENSP00000216392	9606.ENSP00000494664	PYGL	HK1	9606	0.54	0	0	0	0.155	0.087	0	0.452
9606.ENSP00000217244	9606.ENSP00000477713	CSNK2A1	LCK	9606	0.434	0	0	0	0.064	0.062	0	0.407
9606.ENSP00000217244	9606.ENSP00000379683	CSNK2A1	CYP19A1	9606	0.445	0	0	0	0	0.075	0	0.424
9606.ENSP00000217244	9606.ENSP00000343925	CSNK2A1	ESR2	9606	0.447	0	0	0	0	0	0	0.447
9606.ENSP00000217244	9606.ENSP00000353452	CSNK2A1	MYLK	9606	0.447	0	0	0	0.062	0.053	0	0.427
9606.ENSP00000217244	9606.ENSP00000430269	CSNK2A1	EPHX2	9606	0.467	0	0	0	0.048	0.065	0	0.449
9606.ENSP00000217244	9606.ENSP00000293831	CSNK2A1	EIF4A1	9606	0.488	0	0	0	0.386	0.13	0	0.119
9606.ENSP00000217244	9606.ENSP00000313420	CSNK2A1	PRKDC	9606	0.503	0	0	0	0.098	0.315	0	0.259
9606.ENSP00000217244	9606.ENSP00000405330	CSNK2A1	ESR1	9606	0.504	0	0	0	0	0	0	0.504
9606.ENSP00000217244	9606.ENSP00000266970	CSNK2A1	CDK2	9606	0.545	0	0	0	0.084	0.2	0	0.428
9606.ENSP00000217244	9606.ENSP00000437125	CSNK2A1	HSPA8	9606	0.547	0	0	0	0.356	0.191	0	0.2
9606.ENSP00000217244	9606.ENSP00000378699	CSNK2A1	CDK1	9606	0.585	0	0	0	0.073	0.519	0	0.141
9606.ENSP00000217244	9606.ENSP00000384273	CSNK2A1	RELA	9606	0.589	0	0	0	0.074	0.457	0	0.248
9606.ENSP00000217244	9606.ENSP00000362680	CSNK2A1	SRC	9606	0.623	0	0	0	0.042	0.373	0	0.424
9606.ENSP00000217244	9606.ENSP00000451828	CSNK2A1	AKT1	9606	0.633	0	0	0	0.049	0.307	0	0.488
9606.ENSP00000217244	9606.ENSP00000263377	CSNK2A1	BRD4	9606	0.636	0	0	0	0.067	0.566	0	0.173
9606.ENSP00000217244	9606.ENSP00000335153	CSNK2A1	HSP90AA1	9606	0.88	0	0	0	0.164	0.789	0	0.375
9606.ENSP00000217244	9606.ENSP00000262506	CSNK2A1	CSNK2A2	9606	0.993	0	0	0.05	0.074	0.908	0.9	0.366
9606.ENSP00000217426	9606.ENSP00000335153	AHCY	HSP90AA1	9606	0.418	0	0	0	0.212	0	0	0.291
9606.ENSP00000217426	9606.ENSP00000437125	AHCY	HSPA8	9606	0.472	0.051	0	0	0.297	0.054	0	0.262
9606.ENSP00000217426	9606.ENSP00000293831	AHCY	EIF4A1	9606	0.523	0	0	0	0.427	0	0	0.202
9606.ENSP00000217426	9606.ENSP00000321584	AHCY	IMPDH2	9606	0.674	0	0	0	0.498	0	0	0.377
9606.ENSP00000217426	9606.ENSP00000443965	AHCY	ADK	9606	0.769	0.079	0	0	0.13	0.115	0	0.712
9606.ENSP00000217426	9606.ENSP00000358814	AHCY	AHCYL1	9606	0.968	0	0	0.068	0.06	0.457	0.9	0.431
9606.ENSP00000219070	9606.ENSP00000384273	MMP2	RELA	9606	0.4	0	0	0	0.061	0.071	0	0.367
9606.ENSP00000219070	9606.ENSP00000343925	MMP2	ESR2	9606	0.4	0	0	0	0	0	0	0.4
9606.ENSP00000219070	9606.ENSP00000419060	MMP2	BRAF	9606	0.412	0	0	0	0.055	0	0	0.404
9606.ENSP00000219070	9606.ENSP00000363822	MMP2	AR	9606	0.412	0	0	0	0.059	0	0	0.4
9606.ENSP00000219070	9606.ENSP00000319635	MMP2	CXCR2	9606	0.437	0	0	0	0.074	0	0	0.417
9606.ENSP00000219070	9606.ENSP00000302486	MMP2	MAP2K1	9606	0.45	0	0	0	0.086	0	0	0.423
9606.ENSP00000219070	9606.ENSP00000499900	MMP2	JAK1	9606	0.476	0	0	0	0.06	0	0	0.465
9606.ENSP00000219070	9606.ENSP00000266970	MMP2	CDK2	9606	0.479	0	0	0	0	0	0	0.479
9606.ENSP00000219070	9606.ENSP00000260408	MMP2	ADAM10	9606	0.487	0	0	0	0	0	0	0.487
9606.ENSP00000219070	9606.ENSP00000257290	MMP2	PDGFRA	9606	0.512	0	0	0	0.274	0	0	0.355
9606.ENSP00000219070	9606.ENSP00000354558	MMP2	MTOR	9606	0.512	0	0	0	0	0	0	0.512
9606.ENSP00000219070	9606.ENSP00000299855	MMP2	MMP3	9606	0.527	0	0	0.061	0.128	0	0.4	0.152
9606.ENSP00000219070	9606.ENSP00000297494	MMP2	NOS3	9606	0.531	0	0	0	0.049	0	0	0.528
9606.ENSP00000219070	9606.ENSP00000309968	MMP2	ADAM17	9606	0.547	0	0	0	0	0	0	0.547
9606.ENSP00000219070	9606.ENSP00000261799	MMP2	PDGFRB	9606	0.571	0	0	0	0.21	0	0	0.48
9606.ENSP00000219070	9606.ENSP00000405330	MMP2	ESR1	9606	0.58	0	0	0	0.042	0	0	0.579
9606.ENSP00000219070	9606.ENSP00000393312	MMP2	FGFR1	9606	0.616	0	0	0	0.112	0	0	0.585
9606.ENSP00000219070	9606.ENSP00000263923	MMP2	KDR	9606	0.628	0	0	0	0.086	0	0	0.61
9606.ENSP00000219070	9606.ENSP00000263025	MMP2	MAPK3	9606	0.673	0	0	0	0.047	0	0	0.671
9606.ENSP00000219070	9606.ENSP00000275493	MMP2	EGFR	9606	0.693	0	0	0	0.099	0	0	0.674
9606.ENSP00000219070	9606.ENSP00000317272	MMP2	MET	9606	0.703	0	0	0	0.069	0	0	0.694
9606.ENSP00000219070	9606.ENSP00000311032	MMP2	CASP3	9606	0.713	0	0	0	0.09	0	0	0.698
9606.ENSP00000219070	9606.ENSP00000282397	MMP2	FLT1	9606	0.731	0	0	0	0	0	0	0.731
9606.ENSP00000219070	9606.ENSP00000335153	MMP2	HSP90AA1	9606	0.831	0	0	0	0.068	0.292	0	0.765
9606.ENSP00000219070	9606.ENSP00000451828	MMP2	AKT1	9606	0.846	0	0	0	0.055	0	0	0.844
9606.ENSP00000219070	9606.ENSP00000361405	MMP2	MMP9	9606	0.918	0	0	0.061	0.128	0	0.9	0.116
9606.ENSP00000219070	9606.ENSP00000322788	MMP2	MMP1	9606	0.93	0	0	0	0.181	0	0.9	0.215
9606.ENSP00000219070	9606.ENSP00000260227	MMP2	MMP7	9606	0.961	0	0	0	0.128	0	0.8	0.798
9606.ENSP00000219070	9606.ENSP00000362680	MMP2	SRC	9606	0.972	0	0	0	0.042	0	0.9	0.74
9606.ENSP00000219070	9606.ENSP00000308208	MMP2	MMP14	9606	0.997	0	0	0.084	0.381	0	0.9	0.961
9606.ENSP00000231509	9606.ENSP00000361405	NR3C1	MMP9	9606	0.402	0	0	0	0.103	0	0	0.361
9606.ENSP00000231509	9606.ENSP00000401888	NR3C1	RAF1	9606	0.414	0	0	0	0.1	0.314	0	0.127
9606.ENSP00000231509	9606.ENSP00000327251	NR3C1	NOS2	9606	0.423	0	0	0	0	0.049	0	0.419
9606.ENSP00000231509	9606.ENSP00000263025	NR3C1	MAPK3	9606	0.43	0	0	0	0.108	0	0	0.387
9606.ENSP00000231509	9606.ENSP00000362680	NR3C1	SRC	9606	0.447	0	0	0	0.054	0.071	0	0.422
9606.ENSP00000231509	9606.ENSP00000477713	NR3C1	LCK	9606	0.466	0	0	0	0.061	0.314	0	0.237
9606.ENSP00000231509	9606.ENSP00000306124	NR3C1	PRKCE	9606	0.47	0	0	0	0.062	0.042	0	0.458
9606.ENSP00000231509	9606.ENSP00000419060	NR3C1	BRAF	9606	0.515	0	0	0	0.082	0.071	0	0.477
9606.ENSP00000231509	9606.ENSP00000324173	NR3C1	HSPA5	9606	0.53	0	0	0	0.042	0.356	0	0.299
9606.ENSP00000231509	9606.ENSP00000288135	NR3C1	KIT	9606	0.537	0	0	0	0.11	0.045	0	0.499
9606.ENSP00000231509	9606.ENSP00000311032	NR3C1	CASP3	9606	0.617	0	0	0	0.089	0	0	0.596
9606.ENSP00000231509	9606.ENSP00000428056	NR3C1	PIK3R1	9606	0.638	0	0	0	0.148	0.065	0	0.582
9606.ENSP00000231509	9606.ENSP00000437125	NR3C1	HSPA8	9606	0.757	0	0	0	0.042	0.347	0.5	0.315
9606.ENSP00000231509	9606.ENSP00000451828	NR3C1	AKT1	9606	0.791	0	0	0	0.09	0.314	0	0.692
9606.ENSP00000231509	9606.ENSP00000363822	NR3C1	AR	9606	0.795	0	0	0	0.042	0	0.5	0.607
9606.ENSP00000231509	9606.ENSP00000384273	NR3C1	RELA	9606	0.85	0	0	0	0.054	0.739	0	0.443
9606.ENSP00000231509	9606.ENSP00000275493	NR3C1	EGFR	9606	0.87	0	0	0	0.042	0.648	0	0.646
9606.ENSP00000231509	9606.ENSP00000405330	NR3C1	ESR1	9606	0.896	0	0	0	0	0	0.5	0.802
9606.ENSP00000231509	9606.ENSP00000335153	NR3C1	HSP90AA1	9606	0.999	0	0	0	0.054	0.994	0.5	0.996
9606.ENSP00000250896	9606.ENSP00000343925	MKNK2	ESR2	9606	0.46	0	0	0	0	0.23	0	0.328
9606.ENSP00000250896	9606.ENSP00000263377	MKNK2	BRD4	9606	0.512	0	0	0	0.18	0	0	0.429
9606.ENSP00000250896	9606.ENSP00000302486	MKNK2	MAP2K1	9606	0.573	0	0	0.11	0.085	0	0	0.518
9606.ENSP00000250896	9606.ENSP00000263025	MKNK2	MAPK3	9606	0.937	0	0	0	0.107	0.21	0.9	0.214
9606.ENSP00000256443	9606.ENSP00000335153	CDK7	HSP90AA1	9606	0.499	0	0	0	0.072	0.33	0	0.26
9606.ENSP00000256443	9606.ENSP00000363822	CDK7	AR	9606	0.643	0	0	0	0	0.51	0	0.302
9606.ENSP00000256443	9606.ENSP00000405330	CDK7	ESR1	9606	0.743	0	0	0	0	0.302	0	0.647
9606.ENSP00000256443	9606.ENSP00000263377	CDK7	BRD4	9606	0.954	0	0	0	0.056	0.292	0	0.938
9606.ENSP00000256443	9606.ENSP00000378699	CDK7	CDK1	9606	0.976	0	0	0.066	0.098	0.722	0.9	0.158
9606.ENSP00000256443	9606.ENSP00000266970	CDK7	CDK2	9606	0.992	0	0	0.064	0.069	0.91	0.9	0.156
9606.ENSP00000257290	9606.ENSP00000361405	PDGFRA	MMP9	9606	0.435	0	0	0	0.071	0	0	0.416
9606.ENSP00000257290	9606.ENSP00000288135	PDGFRA	KIT	9606	0.449	0	0	0	0.097	0.298	0	0.2
9606.ENSP00000257290	9606.ENSP00000364898	PDGFRA	SYK	9606	0.45	0	0	0	0.055	0.074	0	0.422
9606.ENSP00000257290	9606.ENSP00000282397	PDGFRA	FLT1	9606	0.456	0	0	0	0.072	0	0	0.438
9606.ENSP00000257290	9606.ENSP00000405330	PDGFRA	ESR1	9606	0.467	0	0	0	0.047	0.045	0	0.461
9606.ENSP00000257290	9606.ENSP00000311032	PDGFRA	CASP3	9606	0.475	0	0	0	0	0	0	0.475
9606.ENSP00000257290	9606.ENSP00000451828	PDGFRA	AKT1	9606	0.486	0	0	0	0.056	0.205	0	0.37
9606.ENSP00000257290	9606.ENSP00000295683	PDGFRA	CXCR1	9606	0.534	0	0	0	0.103	0	0	0.502
9606.ENSP00000257290	9606.ENSP00000354558	PDGFRA	MTOR	9606	0.558	0	0	0	0	0.184	0	0.481
9606.ENSP00000257290	9606.ENSP00000319635	PDGFRA	CXCR2	9606	0.559	0	0	0	0.103	0	0	0.529
9606.ENSP00000257290	9606.ENSP00000308208	PDGFRA	MMP14	9606	0.571	0	0	0	0.099	0	0	0.543
9606.ENSP00000257290	9606.ENSP00000419260	PDGFRA	PIK3CG	9606	0.597	0	0	0	0	0.098	0	0.572
9606.ENSP00000257290	9606.ENSP00000335153	PDGFRA	HSP90AA1	9606	0.597	0	0	0	0	0.07	0	0.585
9606.ENSP00000257290	9606.ENSP00000431885	PDGFRA	TYK2	9606	0.695	0	0	0	0.055	0.074	0.65	0.123
9606.ENSP00000257290	9606.ENSP00000393312	PDGFRA	FGFR1	9606	0.715	0	0	0	0.08	0.09	0	0.687
9606.ENSP00000257290	9606.ENSP00000499900	PDGFRA	JAK1	9606	0.919	0	0	0	0.061	0.074	0.9	0.186
9606.ENSP00000257290	9606.ENSP00000366563	PDGFRA	PIK3CD	9606	0.924	0	0	0	0	0.098	0.9	0.227
9606.ENSP00000257290	9606.ENSP00000362680	PDGFRA	SRC	9606	0.954	0	0	0	0.05	0.091	0.9	0.539
9606.ENSP00000257290	9606.ENSP00000501150	PDGFRA	PIK3CB	9606	0.957	0	0	0	0	0.098	0.9	0.562
9606.ENSP00000257290	9606.ENSP00000407586	PDGFRA	HRAS	9606	0.96	0	0	0	0.055	0.092	0.9	0.589
9606.ENSP00000257290	9606.ENSP00000275493	PDGFRA	EGFR	9606	0.986	0	0	0	0.108	0.663	0.9	0.59
9606.ENSP00000257290	9606.ENSP00000261799	PDGFRA	PDGFRB	9606	0.989	0	0	0	0.245	0.734	0.9	0.52
9606.ENSP00000257290	9606.ENSP00000263967	PDGFRA	PIK3CA	9606	0.99	0	0	0	0	0.334	0.9	0.866
9606.ENSP00000257290	9606.ENSP00000428056	PDGFRA	PIK3R1	9606	0.995	0	0	0	0.054	0.808	0.9	0.795
9606.ENSP00000260227	9606.ENSP00000317272	MMP7	MET	9606	0.413	0	0	0	0.071	0	0	0.394
9606.ENSP00000260227	9606.ENSP00000405330	MMP7	ESR1	9606	0.43	0	0	0	0.074	0	0	0.41
9606.ENSP00000260227	9606.ENSP00000419060	MMP7	BRAF	9606	0.435	0	0	0	0.069	0	0	0.418
9606.ENSP00000260227	9606.ENSP00000362680	MMP7	SRC	9606	0.441	0	0	0	0.053	0	0	0.433
9606.ENSP00000260227	9606.ENSP00000263025	MMP7	MAPK3	9606	0.449	0	0	0	0.055	0	0	0.44
9606.ENSP00000260227	9606.ENSP00000311032	MMP7	CASP3	9606	0.476	0	0	0	0.068	0	0	0.46
9606.ENSP00000260227	9606.ENSP00000288135	MMP7	KIT	9606	0.527	0	0	0	0.07	0	0	0.512
9606.ENSP00000260227	9606.ENSP00000275493	MMP7	EGFR	9606	0.563	0	0	0	0.06	0	0	0.554
9606.ENSP00000260227	9606.ENSP00000309968	MMP7	ADAM17	9606	0.577	0	0	0	0.043	0	0	0.576
9606.ENSP00000260227	9606.ENSP00000451828	MMP7	AKT1	9606	0.597	0	0	0	0.069	0	0	0.585
9606.ENSP00000260227	9606.ENSP00000260408	MMP7	ADAM10	9606	0.601	0	0	0	0	0	0	0.601
9606.ENSP00000260227	9606.ENSP00000299855	MMP7	MMP3	9606	0.787	0	0	0.077	0.132	0	0.4	0.609
9606.ENSP00000260227	9606.ENSP00000322788	MMP7	MMP1	9606	0.878	0	0	0.079	0.149	0	0.5	0.727
9606.ENSP00000260227	9606.ENSP00000361405	MMP7	MMP9	9606	0.883	0	0	0	0.15	0	0.4	0.789
9606.ENSP00000260408	9606.ENSP00000311032	ADAM10	CASP3	9606	0.418	0	0	0	0.057	0	0	0.409
9606.ENSP00000260408	9606.ENSP00000299855	ADAM10	MMP3	9606	0.476	0	0	0	0	0	0	0.476
9606.ENSP00000260408	9606.ENSP00000407586	ADAM10	HRAS	9606	0.49	0	0	0	0	0.051	0	0.485
9606.ENSP00000260408	9606.ENSP00000275493	ADAM10	EGFR	9606	0.546	0	0	0	0.058	0	0	0.537
9606.ENSP00000260408	9606.ENSP00000361405	ADAM10	MMP9	9606	0.604	0	0	0	0.043	0	0	0.603
9606.ENSP00000260408	9606.ENSP00000308208	ADAM10	MMP14	9606	0.607	0	0	0	0.049	0	0	0.604
9606.ENSP00000260408	9606.ENSP00000477713	ADAM10	LCK	9606	0.622	0	0	0	0.061	0.51	0	0.245
9606.ENSP00000260408	9606.ENSP00000451828	ADAM10	AKT1	9606	0.672	0	0	0	0.049	0	0	0.669
9606.ENSP00000260408	9606.ENSP00000362680	ADAM10	SRC	9606	0.694	0	0	0	0.055	0.15	0	0.65
9606.ENSP00000260408	9606.ENSP00000309968	ADAM10	ADAM17	9606	0.958	0	0	0	0.058	0	0.9	0.596
9606.ENSP00000261799	9606.ENSP00000299855	PDGFRB	MMP3	9606	0.404	0	0	0	0.11	0	0	0.357
9606.ENSP00000261799	9606.ENSP00000317272	PDGFRB	MET	9606	0.406	0	0	0	0	0.179	0	0.307
9606.ENSP00000261799	9606.ENSP00000451828	PDGFRB	AKT1	9606	0.45	0	0	0	0.074	0.074	0	0.41
9606.ENSP00000261799	9606.ENSP00000405330	PDGFRB	ESR1	9606	0.451	0	0	0	0.044	0.045	0	0.447
9606.ENSP00000261799	9606.ENSP00000311032	PDGFRB	CASP3	9606	0.492	0	0	0	0	0	0	0.492
9606.ENSP00000261799	9606.ENSP00000295683	PDGFRB	CXCR1	9606	0.517	0	0	0	0.066	0	0	0.505
9606.ENSP00000261799	9606.ENSP00000354558	PDGFRB	MTOR	9606	0.531	0	0	0	0	0	0	0.531
9606.ENSP00000261799	9606.ENSP00000282397	PDGFRB	FLT1	9606	0.55	0	0	0	0.067	0.048	0	0.535
9606.ENSP00000261799	9606.ENSP00000319635	PDGFRB	CXCR2	9606	0.552	0	0	0	0.066	0	0	0.541
9606.ENSP00000261799	9606.ENSP00000361423	PDGFRB	ABL1	9606	0.58	0	0	0	0.093	0.316	0	0.376
9606.ENSP00000261799	9606.ENSP00000308208	PDGFRB	MMP14	9606	0.627	0	0	0	0.125	0	0	0.592
9606.ENSP00000261799	9606.ENSP00000393312	PDGFRB	FGFR1	9606	0.649	0	0	0	0.074	0.317	0	0.49
9606.ENSP00000261799	9606.ENSP00000335153	PDGFRB	HSP90AA1	9606	0.687	0	0	0	0	0.22	0	0.616
9606.ENSP00000261799	9606.ENSP00000361405	PDGFRB	MMP9	9606	0.698	0	0	0	0.05	0	0	0.695
9606.ENSP00000261799	9606.ENSP00000360683	PDGFRB	PTPN1	9606	0.708	0	0	0	0	0.598	0	0.305
9606.ENSP00000261799	9606.ENSP00000419260	PDGFRB	PIK3CG	9606	0.731	0	0	0	0	0.097	0	0.715
9606.ENSP00000261799	9606.ENSP00000401888	PDGFRB	RAF1	9606	0.742	0	0	0	0.058	0.635	0	0.311
9606.ENSP00000261799	9606.ENSP00000431885	PDGFRB	TYK2	9606	0.818	0	0	0	0.055	0.074	0.65	0.478
9606.ENSP00000261799	9606.ENSP00000499900	PDGFRB	JAK1	9606	0.921	0	0	0	0.055	0.074	0.9	0.213
9606.ENSP00000261799	9606.ENSP00000366563	PDGFRB	PIK3CD	9606	0.932	0	0	0	0	0.097	0.9	0.314
9606.ENSP00000261799	9606.ENSP00000501150	PDGFRB	PIK3CB	9606	0.96	0	0	0	0	0.097	0.9	0.601
9606.ENSP00000261799	9606.ENSP00000407586	PDGFRB	HRAS	9606	0.962	0	0	0	0	0.091	0.9	0.617
9606.ENSP00000261799	9606.ENSP00000263967	PDGFRB	PIK3CA	9606	0.976	0	0	0	0	0.097	0.9	0.763
9606.ENSP00000261799	9606.ENSP00000263923	PDGFRB	KDR	9606	0.986	0	0	0.103	0.084	0.301	0	0.979
9606.ENSP00000261799	9606.ENSP00000275493	PDGFRB	EGFR	9606	0.998	0	0	0	0.093	0.558	0.9	0.971
9606.ENSP00000261799	9606.ENSP00000428056	PDGFRB	PIK3R1	9606	0.999	0	0	0	0.047	0.931	0.9	0.9
9606.ENSP00000261799	9606.ENSP00000362680	PDGFRB	SRC	9606	0.999	0	0	0	0.067	0.796	0.9	0.972
9606.ENSP00000261937	9606.ENSP00000354558	FLT4	MTOR	9606	0.421	0	0	0	0	0	0	0.421
9606.ENSP00000261937	9606.ENSP00000297494	FLT4	NOS3	9606	0.435	0	0	0	0.14	0	0	0.37
9606.ENSP00000261937	9606.ENSP00000361405	FLT4	MMP9	9606	0.471	0	0	0	0.057	0	0	0.462
9606.ENSP00000261937	9606.ENSP00000317272	FLT4	MET	9606	0.472	0	0	0	0	0.092	0	0.442
9606.ENSP00000261937	9606.ENSP00000393312	FLT4	FGFR1	9606	0.529	0	0	0	0.061	0.099	0	0.489
9606.ENSP00000261937	9606.ENSP00000335153	FLT4	HSP90AA1	9606	0.594	0	0	0	0	0.19	0	0.52
9606.ENSP00000261937	9606.ENSP00000362680	FLT4	SRC	9606	0.708	0	0	0	0.064	0.091	0	0.685
9606.ENSP00000261937	9606.ENSP00000366563	FLT4	PIK3CD	9606	0.726	0	0	0	0.042	0.098	0.65	0.203
9606.ENSP00000261937	9606.ENSP00000501150	FLT4	PIK3CB	9606	0.735	0	0	0	0	0.098	0.65	0.229
9606.ENSP00000261937	9606.ENSP00000263967	FLT4	PIK3CA	9606	0.81	0	0	0	0	0.098	0.65	0.446
9606.ENSP00000261937	9606.ENSP00000428056	FLT4	PIK3R1	9606	0.853	0	0	0	0	0.185	0.65	0.527
9606.ENSP00000261937	9606.ENSP00000282397	FLT4	FLT1	9606	0.92	0	0	0	0.101	0.097	0	0.91
9606.ENSP00000261937	9606.ENSP00000263923	FLT4	KDR	9606	0.994	0	0	0.056	0.164	0.639	0	0.983
9606.ENSP00000262506	9606.ENSP00000353452	CSNK2A2	MYLK	9606	0.414	0	0	0	0.049	0.053	0	0.401
9606.ENSP00000262506	9606.ENSP00000477713	CSNK2A2	LCK	9606	0.428	0	0	0	0.064	0.062	0	0.401
9606.ENSP00000262506	9606.ENSP00000313420	CSNK2A2	PRKDC	9606	0.429	0	0	0	0.055	0.227	0	0.281
9606.ENSP00000262506	9606.ENSP00000379683	CSNK2A2	CYP19A1	9606	0.447	0	0	0	0	0.075	0	0.426
9606.ENSP00000262506	9606.ENSP00000343925	CSNK2A2	ESR2	9606	0.451	0	0	0	0	0	0	0.451
9606.ENSP00000262506	9606.ENSP00000430269	CSNK2A2	EPHX2	9606	0.467	0	0	0	0.048	0.065	0	0.449
9606.ENSP00000262506	9606.ENSP00000362680	CSNK2A2	SRC	9606	0.485	0	0	0	0.042	0.062	0	0.473
9606.ENSP00000262506	9606.ENSP00000384273	CSNK2A2	RELA	9606	0.505	0	0	0	0.075	0.335	0	0.259
9606.ENSP00000262506	9606.ENSP00000451828	CSNK2A2	AKT1	9606	0.512	0	0	0	0.049	0.062	0	0.497
9606.ENSP00000262506	9606.ENSP00000405330	CSNK2A2	ESR1	9606	0.532	0	0	0	0	0	0	0.532
9606.ENSP00000262506	9606.ENSP00000335153	CSNK2A2	HSP90AA1	9606	0.764	0	0	0	0.054	0.438	0	0.591
9606.ENSP00000262506	9606.ENSP00000263377	CSNK2A2	BRD4	9606	0.779	0	0	0	0.074	0.668	0	0.339
9606.ENSP00000263025	9606.ENSP00000295683	MAPK3	CXCR1	9606	0.402	0	0	0	0.117	0	0	0.351
9606.ENSP00000263025	9606.ENSP00000313420	MAPK3	PRKDC	9606	0.404	0	0	0	0.063	0.127	0	0.329
9606.ENSP00000263025	9606.ENSP00000308208	MAPK3	MMP14	9606	0.458	0	0	0	0.055	0	0	0.45
9606.ENSP00000263025	9606.ENSP00000327251	MAPK3	NOS2	9606	0.461	0	0	0	0.067	0	0	0.446
9606.ENSP00000263025	9606.ENSP00000319635	MAPK3	CXCR2	9606	0.465	0	0	0	0.071	0	0	0.448
9606.ENSP00000263025	9606.ENSP00000263923	MAPK3	KDR	9606	0.467	0	0	0	0	0.046	0	0.465
9606.ENSP00000263025	9606.ENSP00000309968	MAPK3	ADAM17	9606	0.469	0	0	0	0.049	0	0	0.465
9606.ENSP00000263025	9606.ENSP00000358327	MAPK3	CASP7	9606	0.471	0	0	0	0.067	0.045	0	0.454
9606.ENSP00000263025	9606.ENSP00000419260	MAPK3	PIK3CG	9606	0.482	0	0	0	0	0	0	0.482
9606.ENSP00000263025	9606.ENSP00000322788	MAPK3	MMP1	9606	0.487	0	0	0	0.047	0	0	0.484
9606.ENSP00000263025	9606.ENSP00000428056	MAPK3	PIK3R1	9606	0.488	0	0	0	0.115	0	0	0.445
9606.ENSP00000263025	9606.ENSP00000347942	MAPK3	RET	9606	0.498	0	0	0	0	0.387	0	0.215
9606.ENSP00000263025	9606.ENSP00000288135	MAPK3	KIT	9606	0.516	0	0	0	0.103	0	0	0.483
9606.ENSP00000263025	9606.ENSP00000437125	MAPK3	HSPA8	9606	0.525	0	0	0	0.111	0.226	0	0.364
9606.ENSP00000263025	9606.ENSP00000379683	MAPK3	CYP19A1	9606	0.525	0	0	0	0.055	0.138	0	0.464
9606.ENSP00000263025	9606.ENSP00000275493	MAPK3	EGFR	9606	0.528	0	0	0	0.042	0.23	0	0.411
9606.ENSP00000263025	9606.ENSP00000393312	MAPK3	FGFR1	9606	0.543	0	0	0	0	0	0.4	0.27
9606.ENSP00000263025	9606.ENSP00000431885	MAPK3	TYK2	9606	0.567	0	0	0	0.109	0.11	0.4	0.197
9606.ENSP00000263025	9606.ENSP00000499900	MAPK3	JAK1	9606	0.594	0	0	0	0.093	0.11	0.4	0.261
9606.ENSP00000263025	9606.ENSP00000263967	MAPK3	PIK3CA	9606	0.597	0	0	0	0.049	0	0	0.594
9606.ENSP00000263025	9606.ENSP00000297494	MAPK3	NOS3	9606	0.603	0	0	0	0.067	0	0	0.592
9606.ENSP00000263025	9606.ENSP00000501150	MAPK3	PIK3CB	9606	0.64	0	0	0	0.049	0	0	0.637
9606.ENSP00000263025	9606.ENSP00000324173	MAPK3	HSPA5	9606	0.641	0	0	0	0.109	0.254	0	0.502
9606.ENSP00000263025	9606.ENSP00000299855	MAPK3	MMP3	9606	0.645	0	0	0	0.047	0	0	0.643
9606.ENSP00000263025	9606.ENSP00000363822	MAPK3	AR	9606	0.681	0	0	0	0	0	0	0.681
9606.ENSP00000263025	9606.ENSP00000384273	MAPK3	RELA	9606	0.684	0	0	0	0.06	0.068	0	0.668
9606.ENSP00000263025	9606.ENSP00000360683	MAPK3	PTPN1	9606	0.706	0	0	0	0.054	0.145	0	0.666
9606.ENSP00000263025	9606.ENSP00000361405	MAPK3	MMP9	9606	0.741	0	0	0	0.103	0	0	0.723
9606.ENSP00000263025	9606.ENSP00000354558	MAPK3	MTOR	9606	0.762	0	0	0	0.07	0.149	0	0.724
9606.ENSP00000263025	9606.ENSP00000335153	MAPK3	HSP90AA1	9606	0.823	0	0	0	0.055	0.259	0.4	0.628
9606.ENSP00000263025	9606.ENSP00000358335	MAPK3	MAP3K7	9606	0.924	0	0	0	0	0.11	0.9	0.221
9606.ENSP00000263025	9606.ENSP00000362680	MAPK3	SRC	9606	0.944	0	0	0	0.086	0.511	0.5	0.778
9606.ENSP00000263025	9606.ENSP00000343925	MAPK3	ESR2	9606	0.955	0	0	0	0	0	0.9	0.577
9606.ENSP00000263025	9606.ENSP00000451828	MAPK3	AKT1	9606	0.957	0	0	0	0.266	0.11	0.9	0.432
9606.ENSP00000263025	9606.ENSP00000419060	MAPK3	BRAF	9606	0.96	0	0	0	0.087	0.653	0.7	0.632
9606.ENSP00000263025	9606.ENSP00000401888	MAPK3	RAF1	9606	0.962	0	0	0	0.118	0.545	0.7	0.721
9606.ENSP00000263025	9606.ENSP00000386135	MAPK3	DAPK1	9606	0.98	0	0	0	0	0.653	0.9	0.491
9606.ENSP00000263025	9606.ENSP00000405330	MAPK3	ESR1	9606	0.981	0	0	0	0	0	0.9	0.824
9606.ENSP00000263025	9606.ENSP00000407586	MAPK3	HRAS	9606	0.983	0	0	0	0.061	0.098	0.9	0.829
9606.ENSP00000263025	9606.ENSP00000311032	MAPK3	CASP3	9606	0.985	0	0	0	0.067	0.045	0.9	0.858
9606.ENSP00000263025	9606.ENSP00000302486	MAPK3	MAP2K1	9606	0.999	0	0	0	0.122	0.884	0.9	0.974
9606.ENSP00000263377	9606.ENSP00000311032	BRD4	CASP3	9606	0.402	0	0	0	0.042	0	0	0.401
9606.ENSP00000263377	9606.ENSP00000302486	BRD4	MAP2K1	9606	0.423	0	0	0	0.074	0.163	0	0.315
9606.ENSP00000263377	9606.ENSP00000419060	BRD4	BRAF	9606	0.441	0	0	0	0.067	0	0	0.426
9606.ENSP00000263377	9606.ENSP00000361423	BRD4	ABL1	9606	0.466	0	0	0	0.072	0	0	0.448
9606.ENSP00000263377	9606.ENSP00000451828	BRD4	AKT1	9606	0.49	0	0	0	0.049	0	0	0.486
9606.ENSP00000263377	9606.ENSP00000405330	BRD4	ESR1	9606	0.5	0	0	0	0	0.045	0	0.498
9606.ENSP00000263377	9606.ENSP00000383003	BRD4	FKBP1A	9606	0.536	0	0	0	0.044	0.314	0	0.35
9606.ENSP00000263377	9606.ENSP00000266970	BRD4	CDK2	9606	0.549	0	0	0	0.063	0.292	0	0.376
9606.ENSP00000263377	9606.ENSP00000293831	BRD4	EIF4A1	9606	0.568	0	0	0	0.054	0.525	0	0.115
9606.ENSP00000263377	9606.ENSP00000275493	BRD4	EGFR	9606	0.597	0	0	0	0.042	0.24	0	0.491
9606.ENSP00000263377	9606.ENSP00000313420	BRD4	PRKDC	9606	0.632	0	0	0	0.06	0.523	0	0.245
9606.ENSP00000263377	9606.ENSP00000378699	BRD4	CDK1	9606	0.673	0	0	0	0.049	0.51	0	0.356
9606.ENSP00000263377	9606.ENSP00000335153	BRD4	HSP90AA1	9606	0.676	0	0	0	0.049	0.513	0	0.357
9606.ENSP00000263377	9606.ENSP00000363822	BRD4	AR	9606	0.969	0	0	0	0	0.585	0	0.929
9606.ENSP00000263377	9606.ENSP00000384273	BRD4	RELA	9606	0.999	0	0	0	0.091	0.974	0	0.986
9606.ENSP00000263923	9606.ENSP00000299855	KDR	MMP3	9606	0.404	0	0	0	0	0	0	0.404
9606.ENSP00000263923	9606.ENSP00000364898	KDR	SYK	9606	0.412	0	0	0	0.055	0.074	0	0.383
9606.ENSP00000263923	9606.ENSP00000419260	KDR	PIK3CG	9606	0.428	0	0	0	0	0.098	0	0.392
9606.ENSP00000263923	9606.ENSP00000288135	KDR	KIT	9606	0.429	0	0	0.134	0.118	0.089	0	0.276
9606.ENSP00000263923	9606.ENSP00000322788	KDR	MMP1	9606	0.431	0	0	0	0.049	0	0	0.426
9606.ENSP00000263923	9606.ENSP00000266970	KDR	CDK2	9606	0.432	0	0	0	0.051	0	0	0.426
9606.ENSP00000263923	9606.ENSP00000319635	KDR	CXCR2	9606	0.44	0	0	0	0.077	0	0	0.418
9606.ENSP00000263923	9606.ENSP00000308208	KDR	MMP14	9606	0.453	0	0	0	0.072	0	0	0.434
9606.ENSP00000263923	9606.ENSP00000366416	KDR	EDNRB	9606	0.485	0	0	0	0.257	0	0	0.335
9606.ENSP00000263923	9606.ENSP00000381607	KDR	GSTP1	9606	0.502	0	0	0	0	0	0	0.502
9606.ENSP00000263923	9606.ENSP00000367608	KDR	CA9	9606	0.508	0	0	0	0.077	0	0	0.488
9606.ENSP00000263923	9606.ENSP00000407586	KDR	HRAS	9606	0.543	0	0	0	0	0.092	0	0.518
9606.ENSP00000263923	9606.ENSP00000302486	KDR	MAP2K1	9606	0.548	0	0	0	0.074	0.084	0	0.51
9606.ENSP00000263923	9606.ENSP00000343925	KDR	ESR2	9606	0.573	0	0	0	0	0.045	0	0.571
9606.ENSP00000263923	9606.ENSP00000354558	KDR	MTOR	9606	0.583	0	0	0	0	0	0	0.583
9606.ENSP00000263923	9606.ENSP00000311032	KDR	CASP3	9606	0.598	0	0	0	0	0	0	0.598
9606.ENSP00000263923	9606.ENSP00000295683	KDR	CXCR1	9606	0.609	0	0	0	0.074	0	0	0.596
9606.ENSP00000263923	9606.ENSP00000393312	KDR	FGFR1	9606	0.681	0	0	0	0.068	0.091	0	0.654
9606.ENSP00000263923	9606.ENSP00000405330	KDR	ESR1	9606	0.688	0	0	0	0	0.045	0	0.687
9606.ENSP00000263923	9606.ENSP00000451828	KDR	AKT1	9606	0.715	0	0	0	0.056	0.074	0	0.701
9606.ENSP00000263923	9606.ENSP00000297494	KDR	NOS3	9606	0.716	0	0	0	0.102	0	0	0.697
9606.ENSP00000263923	9606.ENSP00000275493	KDR	EGFR	9606	0.805	0	0	0	0.075	0.139	0	0.774
9606.ENSP00000263923	9606.ENSP00000361405	KDR	MMP9	9606	0.811	0	0	0	0.057	0	0	0.807
9606.ENSP00000263923	9606.ENSP00000317272	KDR	MET	9606	0.851	0	0	0	0	0.345	0	0.782
9606.ENSP00000263923	9606.ENSP00000366563	KDR	PIK3CD	9606	0.928	0	0	0	0	0.098	0.9	0.272
9606.ENSP00000263923	9606.ENSP00000501150	KDR	PIK3CB	9606	0.932	0	0	0	0	0.098	0.9	0.315
9606.ENSP00000263923	9606.ENSP00000360683	KDR	PTPN1	9606	0.938	0	0	0	0	0.051	0	0.938
9606.ENSP00000263923	9606.ENSP00000428056	KDR	PIK3R1	9606	0.943	0	0	0	0.049	0.153	0.9	0.377
9606.ENSP00000263923	9606.ENSP00000499900	KDR	JAK1	9606	0.947	0	0	0	0.055	0.074	0.9	0.474
9606.ENSP00000263923	9606.ENSP00000335153	KDR	HSP90AA1	9606	0.954	0	0	0	0	0.313	0.5	0.878
9606.ENSP00000263923	9606.ENSP00000263967	KDR	PIK3CA	9606	0.975	0	0	0	0	0.098	0.9	0.754
9606.ENSP00000263923	9606.ENSP00000282397	KDR	FLT1	9606	0.994	0	0	0.07	0.329	0.51	0	0.984
9606.ENSP00000263923	9606.ENSP00000362680	KDR	SRC	9606	0.998	0	0	0	0.059	0.796	0.9	0.938
9606.ENSP00000263967	9606.ENSP00000266970	PIK3CA	CDK2	9606	0.448	0	0	0	0	0	0	0.448
9606.ENSP00000263967	9606.ENSP00000379683	PIK3CA	CYP19A1	9606	0.517	0	0	0	0	0	0	0.517
9606.ENSP00000263967	9606.ENSP00000384273	PIK3CA	RELA	9606	0.537	0	0	0	0.049	0.314	0	0.346
9606.ENSP00000263967	9606.ENSP00000311032	PIK3CA	CASP3	9606	0.556	0	0	0	0.049	0.063	0	0.542
9606.ENSP00000263967	9606.ENSP00000313420	PIK3CA	PRKDC	9606	0.559	0	0	0	0.056	0.127	0	0.508
9606.ENSP00000263967	9606.ENSP00000363822	PIK3CA	AR	9606	0.571	0	0	0	0	0	0	0.571
9606.ENSP00000263967	9606.ENSP00000343925	PIK3CA	ESR2	9606	0.575	0	0	0	0	0	0.4	0.322
9606.ENSP00000263967	9606.ENSP00000431885	PIK3CA	TYK2	9606	0.726	0	0	0	0.055	0.069	0.65	0.215
9606.ENSP00000263967	9606.ENSP00000361423	PIK3CA	ABL1	9606	0.763	0	0	0	0.049	0.069	0	0.754
9606.ENSP00000263967	9606.ENSP00000477713	PIK3CA	LCK	9606	0.777	0	0	0	0.05	0.524	0.4	0.276
9606.ENSP00000263967	9606.ENSP00000335153	PIK3CA	HSP90AA1	9606	0.837	0	0	0	0.049	0	0.5	0.686
9606.ENSP00000263967	9606.ENSP00000302486	PIK3CA	MAP2K1	9606	0.844	0	0	0	0.06	0.176	0	0.815
9606.ENSP00000263967	9606.ENSP00000282397	PIK3CA	FLT1	9606	0.887	0	0	0	0	0.098	0.65	0.672
9606.ENSP00000263967	9606.ENSP00000347942	PIK3CA	RET	9606	0.891	0	0	0	0	0.087	0.5	0.78
9606.ENSP00000263967	9606.ENSP00000364898	PIK3CA	SYK	9606	0.935	0	0	0	0	0.069	0.9	0.364
9606.ENSP00000263967	9606.ENSP00000405330	PIK3CA	ESR1	9606	0.941	0	0	0	0	0.51	0.4	0.817
9606.ENSP00000263967	9606.ENSP00000419060	PIK3CA	BRAF	9606	0.947	0	0	0	0.128	0.19	0	0.931
9606.ENSP00000263967	9606.ENSP00000317272	PIK3CA	MET	9606	0.961	0	0	0	0.042	0.069	0.9	0.617
9606.ENSP00000263967	9606.ENSP00000354558	PIK3CA	MTOR	9606	0.963	0	0	0	0.06	0.166	0.9	0.592
9606.ENSP00000263967	9606.ENSP00000499900	PIK3CA	JAK1	9606	0.969	0	0	0	0.068	0.069	0.9	0.69
9606.ENSP00000263967	9606.ENSP00000401888	PIK3CA	RAF1	9606	0.972	0	0	0	0.066	0.069	0.9	0.719
9606.ENSP00000263967	9606.ENSP00000393312	PIK3CA	FGFR1	9606	0.977	0	0	0	0	0.087	0.9	0.777
9606.ENSP00000263967	9606.ENSP00000362680	PIK3CA	SRC	9606	0.984	0	0	0	0.05	0.069	0.9	0.846
9606.ENSP00000263967	9606.ENSP00000288135	PIK3CA	KIT	9606	0.986	0	0	0	0.106	0.325	0.9	0.809
9606.ENSP00000263967	9606.ENSP00000407586	PIK3CA	HRAS	9606	0.995	0	0	0	0.1	0.758	0.9	0.8
9606.ENSP00000263967	9606.ENSP00000419260	PIK3CA	PIK3CG	9606	0.997	0	0	0	0.078	0.045	0.9	0.973
9606.ENSP00000263967	9606.ENSP00000366563	PIK3CA	PIK3CD	9606	0.998	0	0	0.06	0	0	0.9	0.983
9606.ENSP00000263967	9606.ENSP00000501150	PIK3CA	PIK3CB	9606	0.998	0	0	0.06	0.083	0	0.9	0.984
9606.ENSP00000263967	9606.ENSP00000451828	PIK3CA	AKT1	9606	0.998	0	0	0	0.06	0.738	0.9	0.951
9606.ENSP00000263967	9606.ENSP00000275493	PIK3CA	EGFR	9606	0.999	0	0	0	0	0.79	0.9	0.976
9606.ENSP00000263967	9606.ENSP00000428056	PIK3CA	PIK3R1	9606	0.999	0	0	0	0.156	0.997	0.967	0.998
9606.ENSP00000266088	9606.ENSP00000275493	SLC5A1	EGFR	9606	0.954	0	0	0	0.056	0.292	0	0.938
9606.ENSP00000266970	9606.ENSP00000379683	CDK2	CYP19A1	9606	0.421	0	0	0	0.07	0	0	0.403
9606.ENSP00000266970	9606.ENSP00000324173	CDK2	HSPA5	9606	0.428	0	0	0	0.109	0.131	0	0.319
9606.ENSP00000266970	9606.ENSP00000288135	CDK2	KIT	9606	0.43	0	0	0	0.067	0	0	0.415
9606.ENSP00000266970	9606.ENSP00000384273	CDK2	RELA	9606	0.435	0	0	0	0.087	0.092	0	0.373
9606.ENSP00000266970	9606.ENSP00000321584	CDK2	IMPDH2	9606	0.455	0	0	0	0.1	0.302	0	0.202
9606.ENSP00000266970	9606.ENSP00000431885	CDK2	TYK2	9606	0.493	0	0	0	0.117	0.098	0	0.414
9606.ENSP00000266970	9606.ENSP00000363822	CDK2	AR	9606	0.495	0	0	0	0	0.045	0	0.493
9606.ENSP00000266970	9606.ENSP00000313420	CDK2	PRKDC	9606	0.511	0	0	0	0.118	0.091	0	0.439
9606.ENSP00000266970	9606.ENSP00000499900	CDK2	JAK1	9606	0.518	0	0	0	0.117	0.098	0	0.443
9606.ENSP00000266970	9606.ENSP00000361423	CDK2	ABL1	9606	0.53	0	0	0	0.087	0.098	0	0.474
9606.ENSP00000266970	9606.ENSP00000358327	CDK2	CASP7	9606	0.539	0	0	0	0.147	0	0	0.482
9606.ENSP00000266970	9606.ENSP00000361405	CDK2	MMP9	9606	0.566	0	0	0	0	0	0	0.566
9606.ENSP00000266970	9606.ENSP00000275493	CDK2	EGFR	9606	0.566	0	0	0	0.042	0	0	0.565
9606.ENSP00000266970	9606.ENSP00000451828	CDK2	AKT1	9606	0.577	0	0	0	0.06	0.098	0	0.542
9606.ENSP00000266970	9606.ENSP00000354558	CDK2	MTOR	9606	0.585	0	0	0	0.062	0.068	0	0.563
9606.ENSP00000266970	9606.ENSP00000407586	CDK2	HRAS	9606	0.644	0	0	0	0.067	0.144	0	0.59
9606.ENSP00000266970	9606.ENSP00000405330	CDK2	ESR1	9606	0.714	0	0	0	0	0.294	0	0.612
9606.ENSP00000266970	9606.ENSP00000335153	CDK2	HSP90AA1	9606	0.799	0	0	0	0.077	0.272	0	0.725
9606.ENSP00000266970	9606.ENSP00000311032	CDK2	CASP3	9606	0.829	0	0	0	0.114	0.075	0	0.808
9606.ENSP00000266970	9606.ENSP00000378699	CDK2	CDK1	9606	0.994	0	0	0.056	0.349	0.47	0.4	0.977
9606.ENSP00000275493	9606.ENSP00000288135	EGFR	KIT	9606	0.428	0	0	0	0	0.101	0	0.389
9606.ENSP00000275493	9606.ENSP00000381070	EGFR	MAP2K7	9606	0.448	0	0	0	0	0	0	0.448
9606.ENSP00000275493	9606.ENSP00000319635	EGFR	CXCR2	9606	0.463	0	0	0	0.063	0.048	0	0.447
9606.ENSP00000275493	9606.ENSP00000393312	EGFR	FGFR1	9606	0.479	0	0	0	0.067	0.215	0	0.346
9606.ENSP00000275493	9606.ENSP00000364898	EGFR	SYK	9606	0.484	0	0	0	0.042	0.4	0	0.174
9606.ENSP00000275493	9606.ENSP00000302486	EGFR	MAP2K1	9606	0.579	0	0	0	0.049	0.098	0	0.549
9606.ENSP00000275493	9606.ENSP00000419060	EGFR	BRAF	9606	0.601	0	0	0	0	0.255	0	0.486
9606.ENSP00000275493	9606.ENSP00000282397	EGFR	FLT1	9606	0.607	0	0	0	0.055	0.139	0	0.555
9606.ENSP00000275493	9606.ENSP00000367608	EGFR	CA9	9606	0.614	0	0	0	0.115	0	0	0.582
9606.ENSP00000275493	9606.ENSP00000295683	EGFR	CXCR1	9606	0.617	0	0	0	0.063	0.048	0	0.606
9606.ENSP00000275493	9606.ENSP00000379683	EGFR	CYP19A1	9606	0.626	0	0	0	0.086	0	0	0.608
9606.ENSP00000275493	9606.ENSP00000358327	EGFR	CASP7	9606	0.651	0	0	0	0.054	0	0	0.646
9606.ENSP00000275493	9606.ENSP00000309968	EGFR	ADAM17	9606	0.679	0	0	0	0.067	0	0	0.67
9606.ENSP00000275493	9606.ENSP00000322788	EGFR	MMP1	9606	0.694	0	0	0	0.08	0	0	0.681
9606.ENSP00000275493	9606.ENSP00000384273	EGFR	RELA	9606	0.701	0	0	0	0.044	0.075	0	0.689
9606.ENSP00000275493	9606.ENSP00000381607	EGFR	GSTP1	9606	0.713	0	0	0	0.055	0.51	0	0.431
9606.ENSP00000275493	9606.ENSP00000306124	EGFR	PRKCE	9606	0.726	0	0	0	0	0.621	0	0.307
9606.ENSP00000275493	9606.ENSP00000299855	EGFR	MMP3	9606	0.737	0	0	0	0.073	0	0.5	0.479
9606.ENSP00000275493	9606.ENSP00000311032	EGFR	CASP3	9606	0.747	0	0	0	0.061	0	0	0.741
9606.ENSP00000275493	9606.ENSP00000477713	EGFR	LCK	9606	0.748	0	0	0	0.044	0.253	0.4	0.482
9606.ENSP00000275493	9606.ENSP00000419260	EGFR	PIK3CG	9606	0.748	0	0	0	0	0	0	0.748
9606.ENSP00000275493	9606.ENSP00000343925	EGFR	ESR2	9606	0.755	0	0	0	0	0.329	0	0.65
9606.ENSP00000275493	9606.ENSP00000308208	EGFR	MMP14	9606	0.787	0	0	0	0.161	0.163	0	0.721
9606.ENSP00000275493	9606.ENSP00000451828	EGFR	AKT1	9606	0.792	0	0	0	0.042	0.64	0	0.445
9606.ENSP00000275493	9606.ENSP00000354558	EGFR	MTOR	9606	0.802	0	0	0	0.042	0.181	0	0.769
9606.ENSP00000275493	9606.ENSP00000431885	EGFR	TYK2	9606	0.821	0	0	0	0	0.095	0.65	0.482
9606.ENSP00000275493	9606.ENSP00000347942	EGFR	RET	9606	0.826	0	0	0	0	0.735	0	0.369
9606.ENSP00000275493	9606.ENSP00000361405	EGFR	MMP9	9606	0.827	0	0	0	0.055	0	0	0.825
9606.ENSP00000275493	9606.ENSP00000401888	EGFR	RAF1	9606	0.848	0	0	0	0.042	0.645	0	0.59
9606.ENSP00000275493	9606.ENSP00000378699	EGFR	CDK1	9606	0.849	0	0	0	0.042	0.807	0	0.253
9606.ENSP00000275493	9606.ENSP00000361423	EGFR	ABL1	9606	0.861	0	0	0	0.067	0.79	0	0.347
9606.ENSP00000275493	9606.ENSP00000324173	EGFR	HSPA5	9606	0.862	0	0	0	0.042	0.624	0	0.65
9606.ENSP00000275493	9606.ENSP00000363822	EGFR	AR	9606	0.864	0	0	0	0	0.536	0	0.72
9606.ENSP00000275493	9606.ENSP00000437125	EGFR	HSPA8	9606	0.932	0	0	0	0.061	0.832	0	0.608
9606.ENSP00000275493	9606.ENSP00000313420	EGFR	PRKDC	9606	0.936	0	0	0	0.044	0.361	0	0.904
9606.ENSP00000275493	9606.ENSP00000366563	EGFR	PIK3CD	9606	0.942	0	0	0	0.042	0	0.9	0.443
9606.ENSP00000275493	9606.ENSP00000499900	EGFR	JAK1	9606	0.97	0	0	0	0.045	0.417	0.9	0.537
9606.ENSP00000275493	9606.ENSP00000405330	EGFR	ESR1	9606	0.988	0	0	0	0	0.583	0	0.974
9606.ENSP00000275493	9606.ENSP00000501150	EGFR	PIK3CB	9606	0.993	0	0	0	0	0.622	0.9	0.842
9606.ENSP00000275493	9606.ENSP00000407586	EGFR	HRAS	9606	0.994	0	0	0	0.053	0.315	0.9	0.931
9606.ENSP00000275493	9606.ENSP00000317272	EGFR	MET	9606	0.996	0	0	0	0.25	0.806	0	0.978
9606.ENSP00000275493	9606.ENSP00000360683	EGFR	PTPN1	9606	0.997	0	0	0	0.044	0.869	0	0.978
9606.ENSP00000275493	9606.ENSP00000428056	EGFR	PIK3R1	9606	0.998	0	0	0	0.042	0.9	0.9	0.901
9606.ENSP00000275493	9606.ENSP00000335153	EGFR	HSP90AA1	9606	0.999	0	0	0	0.049	0.854	0.5	0.993
9606.ENSP00000275493	9606.ENSP00000362680	EGFR	SRC	9606	0.999	0	0	0	0.042	0.928	0.9	0.988
9606.ENSP00000282397	9606.ENSP00000322788	FLT1	MMP1	9606	0.409	0	0	0	0.056	0	0	0.399
9606.ENSP00000282397	9606.ENSP00000405330	FLT1	ESR1	9606	0.435	0	0	0	0	0.045	0	0.433
9606.ENSP00000282397	9606.ENSP00000364898	FLT1	SYK	9606	0.445	0	0	0	0.055	0.074	0	0.417
9606.ENSP00000282397	9606.ENSP00000367608	FLT1	CA9	9606	0.449	0	0	0	0.067	0	0	0.434
9606.ENSP00000282397	9606.ENSP00000311032	FLT1	CASP3	9606	0.452	0	0	0	0	0	0	0.452
9606.ENSP00000282397	9606.ENSP00000361423	FLT1	ABL1	9606	0.459	0	0	0	0.105	0.074	0	0.4
9606.ENSP00000282397	9606.ENSP00000477713	FLT1	LCK	9606	0.477	0	0	0	0.059	0.091	0	0.438
9606.ENSP00000282397	9606.ENSP00000354558	FLT1	MTOR	9606	0.48	0	0	0	0	0	0	0.48
9606.ENSP00000282397	9606.ENSP00000384273	FLT1	RELA	9606	0.48	0	0	0	0	0	0	0.48
9606.ENSP00000282397	9606.ENSP00000401888	FLT1	RAF1	9606	0.505	0	0	0	0.087	0.074	0	0.462
9606.ENSP00000282397	9606.ENSP00000362680	FLT1	SRC	9606	0.534	0	0	0	0.087	0.091	0	0.484
9606.ENSP00000282397	9606.ENSP00000393312	FLT1	FGFR1	9606	0.555	0	0	0	0.067	0.099	0	0.514
9606.ENSP00000282397	9606.ENSP00000335153	FLT1	HSP90AA1	9606	0.581	0	0	0	0	0.07	0	0.568
9606.ENSP00000282397	9606.ENSP00000295683	FLT1	CXCR1	9606	0.589	0	0	0	0.074	0	0	0.575
9606.ENSP00000282397	9606.ENSP00000297494	FLT1	NOS3	9606	0.603	0	0	0	0.099	0	0	0.578
9606.ENSP00000282397	9606.ENSP00000451828	FLT1	AKT1	9606	0.61	0	0	0	0.056	0.074	0	0.59
9606.ENSP00000282397	9606.ENSP00000319635	FLT1	CXCR2	9606	0.621	0	0	0	0.074	0	0	0.608
9606.ENSP00000282397	9606.ENSP00000308208	FLT1	MMP14	9606	0.622	0	0	0	0.055	0	0	0.616
9606.ENSP00000282397	9606.ENSP00000366563	FLT1	PIK3CD	9606	0.737	0	0	0	0	0.098	0.65	0.234
9606.ENSP00000282397	9606.ENSP00000361405	FLT1	MMP9	9606	0.779	0	0	0	0.059	0	0	0.774
9606.ENSP00000282397	9606.ENSP00000501150	FLT1	PIK3CB	9606	0.908	0	0	0	0	0.098	0.65	0.732
9606.ENSP00000282397	9606.ENSP00000428056	FLT1	PIK3R1	9606	0.909	0	0	0	0	0.67	0.65	0.281
9606.ENSP00000288135	9606.ENSP00000319635	KIT	CXCR2	9606	0.41	0	0	0	0.088	0	0	0.38
9606.ENSP00000288135	9606.ENSP00000419060	KIT	BRAF	9606	0.426	0	0	0	0.067	0.074	0	0.389
9606.ENSP00000288135	9606.ENSP00000367608	KIT	CA9	9606	0.435	0	0	0	0.052	0	0	0.428
9606.ENSP00000288135	9606.ENSP00000363822	KIT	AR	9606	0.463	0	0	0	0.044	0.045	0	0.459
9606.ENSP00000288135	9606.ENSP00000361405	KIT	MMP9	9606	0.541	0	0	0	0.099	0	0	0.511
9606.ENSP00000288135	9606.ENSP00000311032	KIT	CASP3	9606	0.563	0	0	0	0.042	0	0	0.562
9606.ENSP00000288135	9606.ENSP00000354558	KIT	MTOR	9606	0.574	0	0	0	0	0	0	0.574
9606.ENSP00000288135	9606.ENSP00000405330	KIT	ESR1	9606	0.592	0	0	0	0	0.045	0	0.59
9606.ENSP00000288135	9606.ENSP00000317272	KIT	MET	9606	0.594	0	0	0	0	0.092	0	0.572
9606.ENSP00000288135	9606.ENSP00000364898	KIT	SYK	9606	0.626	0	0	0.119	0.087	0.181	0	0.499
9606.ENSP00000288135	9606.ENSP00000361423	KIT	ABL1	9606	0.664	0	0	0	0.056	0.181	0	0.601
9606.ENSP00000288135	9606.ENSP00000366416	KIT	EDNRB	9606	0.703	0	0	0	0.098	0	0	0.685
9606.ENSP00000288135	9606.ENSP00000335153	KIT	HSP90AA1	9606	0.708	0	0	0	0	0.07	0	0.699
9606.ENSP00000288135	9606.ENSP00000477713	KIT	LCK	9606	0.724	0	0	0	0.062	0.386	0.4	0.293
9606.ENSP00000288135	9606.ENSP00000362680	KIT	SRC	9606	0.802	0	0	0	0.06	0.386	0.4	0.496
9606.ENSP00000288135	9606.ENSP00000451828	KIT	AKT1	9606	0.818	0	0	0	0.079	0.074	0	0.804
9606.ENSP00000288135	9606.ENSP00000419260	KIT	PIK3CG	9606	0.852	0	0	0	0.087	0.615	0	0.612
9606.ENSP00000288135	9606.ENSP00000366563	KIT	PIK3CD	9606	0.94	0	0	0	0.106	0.087	0.9	0.353
9606.ENSP00000288135	9606.ENSP00000501150	KIT	PIK3CB	9606	0.961	0	0	0	0.108	0.087	0.9	0.58
9606.ENSP00000288135	9606.ENSP00000407586	KIT	HRAS	9606	0.962	0	0	0	0.055	0.071	0.9	0.621
9606.ENSP00000288135	9606.ENSP00000428056	KIT	PIK3R1	9606	0.995	0	0	0	0.056	0.87	0.9	0.668
9606.ENSP00000293831	9606.ENSP00000321584	EIF4A1	IMPDH2	9606	0.418	0	0	0	0.291	0.05	0	0.206
9606.ENSP00000293831	9606.ENSP00000383003	EIF4A1	FKBP1A	9606	0.446	0	0	0	0.148	0.091	0	0.342
9606.ENSP00000293831	9606.ENSP00000324173	EIF4A1	HSPA5	9606	0.453	0	0	0	0.1	0.246	0	0.259
9606.ENSP00000293831	9606.ENSP00000451828	EIF4A1	AKT1	9606	0.598	0	0	0	0.056	0.222	0	0.496
9606.ENSP00000293831	9606.ENSP00000354558	EIF4A1	MTOR	9606	0.61	0	0	0	0.042	0.067	0	0.599
9606.ENSP00000293831	9606.ENSP00000335153	EIF4A1	HSP90AA1	9606	0.619	0.042	0	0	0.357	0.1	0	0.394
9606.ENSP00000293831	9606.ENSP00000437125	EIF4A1	HSPA8	9606	0.802	0	0	0	0.688	0.187	0	0.282
9606.ENSP00000295683	9606.ENSP00000451828	CXCR1	AKT1	9606	0.472	0	0	0	0.086	0	0	0.447
9606.ENSP00000295683	9606.ENSP00000361405	CXCR1	MMP9	9606	0.605	0	0	0	0.2	0	0	0.527
9606.ENSP00000295683	9606.ENSP00000362680	CXCR1	SRC	9606	0.677	0	0	0	0.089	0	0.5	0.348
9606.ENSP00000295683	9606.ENSP00000319635	CXCR1	CXCR2	9606	0.999	0	0	0.052	0.771	0	0.9	0.98
9606.ENSP00000297494	9606.ENSP00000407586	NOS3	HRAS	9606	0.51	0	0	0	0	0	0	0.51
9606.ENSP00000297494	9606.ENSP00000362680	NOS3	SRC	9606	0.586	0	0	0	0.048	0.045	0	0.581
9606.ENSP00000297494	9606.ENSP00000311032	NOS3	CASP3	9606	0.604	0	0	0	0	0	0	0.604
9606.ENSP00000297494	9606.ENSP00000354558	NOS3	MTOR	9606	0.677	0	0	0	0	0	0	0.677
9606.ENSP00000297494	9606.ENSP00000343925	NOS3	ESR2	9606	0.689	0	0	0	0.067	0.049	0	0.678
9606.ENSP00000297494	9606.ENSP00000366416	NOS3	EDNRB	9606	0.701	0	0	0	0.102	0	0	0.681
9606.ENSP00000297494	9606.ENSP00000361405	NOS3	MMP9	9606	0.73	0	0	0	0.049	0	0	0.728
9606.ENSP00000297494	9606.ENSP00000405330	NOS3	ESR1	9606	0.773	0	0	0	0	0.301	0	0.689
9606.ENSP00000297494	9606.ENSP00000327251	NOS3	NOS2	9606	0.912	0	0	0.069	0	0.087	0.9	0.09
9606.ENSP00000297494	9606.ENSP00000451828	NOS3	AKT1	9606	0.997	0	0	0	0	0.786	0.9	0.909
9606.ENSP00000297494	9606.ENSP00000335153	NOS3	HSP90AA1	9606	0.999	0	0	0	0	0.789	0.8	0.992
9606.ENSP00000299855	9606.ENSP00000405330	MMP3	ESR1	9606	0.409	0	0	0	0	0	0	0.409
9606.ENSP00000299855	9606.ENSP00000378699	MMP3	CDK1	9606	0.412	0	0	0	0.044	0	0	0.411
9606.ENSP00000299855	9606.ENSP00000327251	MMP3	NOS2	9606	0.527	0	0	0	0.056	0	0	0.52
9606.ENSP00000299855	9606.ENSP00000308208	MMP3	MMP14	9606	0.537	0	0	0.111	0.187	0.292	0	0.2
9606.ENSP00000299855	9606.ENSP00000309968	MMP3	ADAM17	9606	0.546	0	0	0	0	0	0	0.546
9606.ENSP00000299855	9606.ENSP00000311032	MMP3	CASP3	9606	0.575	0	0	0	0.104	0	0	0.544
9606.ENSP00000299855	9606.ENSP00000451828	MMP3	AKT1	9606	0.588	0	0	0	0.055	0	0	0.582
9606.ENSP00000299855	9606.ENSP00000319635	MMP3	CXCR2	9606	0.591	0	0	0	0.074	0	0	0.577
9606.ENSP00000299855	9606.ENSP00000361405	MMP3	MMP9	9606	0.956	0	0	0.075	0.145	0	0.9	0.514
9606.ENSP00000299855	9606.ENSP00000322788	MMP3	MMP1	9606	0.985	0	0	0.064	0.657	0	0.9	0.597
9606.ENSP00000302486	9606.ENSP00000501150	MAP2K1	PIK3CB	9606	0.413	0	0	0	0.068	0	0	0.396
9606.ENSP00000302486	9606.ENSP00000383003	MAP2K1	FKBP1A	9606	0.437	0	0	0	0.122	0	0	0.385
9606.ENSP00000302486	9606.ENSP00000451828	MAP2K1	AKT1	9606	0.49	0	0	0.1	0.06	0.161	0	0.366
9606.ENSP00000302486	9606.ENSP00000428056	MAP2K1	PIK3R1	9606	0.501	0	0	0	0.044	0	0	0.499
9606.ENSP00000302486	9606.ENSP00000319635	MAP2K1	CXCR2	9606	0.508	0	0	0	0.069	0	0	0.494
9606.ENSP00000302486	9606.ENSP00000405330	MAP2K1	ESR1	9606	0.521	0	0	0	0.051	0.057	0	0.508
9606.ENSP00000302486	9606.ENSP00000361405	MAP2K1	MMP9	9606	0.542	0	0	0	0.087	0	0	0.519
9606.ENSP00000302486	9606.ENSP00000499900	MAP2K1	JAK1	9606	0.618	0	0	0	0.13	0.161	0.4	0.231
9606.ENSP00000302486	9606.ENSP00000311032	MAP2K1	CASP3	9606	0.643	0	0	0	0.11	0	0	0.615
9606.ENSP00000302486	9606.ENSP00000419260	MAP2K1	PIK3CG	9606	0.648	0	0	0	0	0	0	0.648
9606.ENSP00000302486	9606.ENSP00000354558	MAP2K1	MTOR	9606	0.674	0	0	0	0.054	0.216	0	0.596
9606.ENSP00000302486	9606.ENSP00000437125	MAP2K1	HSPA8	9606	0.685	0	0	0	0.074	0.598	0	0.222
9606.ENSP00000302486	9606.ENSP00000431885	MAP2K1	TYK2	9606	0.71	0	0	0	0.061	0.161	0.4	0.46
9606.ENSP00000302486	9606.ENSP00000362680	MAP2K1	SRC	9606	0.794	0	0	0	0.048	0.234	0.4	0.585
9606.ENSP00000302486	9606.ENSP00000335153	MAP2K1	HSP90AA1	9606	0.798	0	0	0	0.098	0.181	0	0.749
9606.ENSP00000302486	9606.ENSP00000378699	MAP2K1	CDK1	9606	0.837	0	0	0.122	0.111	0.091	0.75	0.222
9606.ENSP00000302486	9606.ENSP00000358335	MAP2K1	MAP3K7	9606	0.928	0	0	0	0.076	0.161	0.9	0.191
9606.ENSP00000302486	9606.ENSP00000407586	MAP2K1	HRAS	9606	0.989	0	0	0	0.062	0.382	0.9	0.832
9606.ENSP00000302486	9606.ENSP00000419060	MAP2K1	BRAF	9606	0.999	0	0	0	0.119	0.996	0.9	0.983
9606.ENSP00000302486	9606.ENSP00000401888	MAP2K1	RAF1	9606	0.999	0	0	0	0.131	0.974	0.9	0.97
9606.ENSP00000304501	9606.ENSP00000498610	ADORA2B	SLC29A1	9606	0.47	0	0	0	0.042	0.053	0	0.462
9606.ENSP00000304501	9606.ENSP00000443965	ADORA2B	ADK	9606	0.473	0	0	0	0.06	0	0	0.462
9606.ENSP00000304501	9606.ENSP00000451828	ADORA2B	AKT1	9606	0.515	0	0	0	0.085	0	0	0.492
9606.ENSP00000304501	9606.ENSP00000362680	ADORA2B	SRC	9606	0.539	0	0	0	0.047	0	0.5	0.11
9606.ENSP00000304501	9606.ENSP00000480012	ADORA2B	ADORA2A	9606	0.937	0	0	0	0	0.325	0.9	0.153
9606.ENSP00000306124	9606.ENSP00000477713	PRKCE	LCK	9606	0.481	0	0	0	0.054	0.091	0	0.445
9606.ENSP00000306124	9606.ENSP00000335153	PRKCE	HSP90AA1	9606	0.572	0	0	0	0	0.451	0	0.252
9606.ENSP00000306124	9606.ENSP00000353452	PRKCE	MYLK	9606	0.905	0	0	0	0.067	0	0.9	0.065
9606.ENSP00000306124	9606.ENSP00000419060	PRKCE	BRAF	9606	0.91	0	0	0	0.047	0.533	0.65	0.493
9606.ENSP00000306124	9606.ENSP00000407586	PRKCE	HRAS	9606	0.921	0	0	0	0.06	0.138	0.9	0.141
9606.ENSP00000306124	9606.ENSP00000401888	PRKCE	RAF1	9606	0.932	0	0	0	0	0.325	0.9	0.076
9606.ENSP00000308208	9606.ENSP00000317272	MMP14	MET	9606	0.418	0	0	0	0.104	0	0	0.377
9606.ENSP00000308208	9606.ENSP00000367608	MMP14	CA9	9606	0.602	0	0	0	0.082	0.292	0	0.437
9606.ENSP00000308208	9606.ENSP00000451828	MMP14	AKT1	9606	0.604	0	0	0	0.094	0	0	0.581
9606.ENSP00000308208	9606.ENSP00000309968	MMP14	ADAM17	9606	0.618	0	0	0	0.056	0	0	0.612
9606.ENSP00000308208	9606.ENSP00000322788	MMP14	MMP1	9606	0.623	0	0	0.101	0.274	0	0	0.469
9606.ENSP00000308208	9606.ENSP00000362680	MMP14	SRC	9606	0.742	0	0	0	0.105	0	0	0.724
9606.ENSP00000308208	9606.ENSP00000361405	MMP14	MMP9	9606	0.831	0	0	0	0.092	0	0	0.822
9606.ENSP00000309968	9606.ENSP00000311032	ADAM17	CASP3	9606	0.413	0	0	0	0.054	0	0	0.405
9606.ENSP00000309968	9606.ENSP00000322788	ADAM17	MMP1	9606	0.45	0	0	0	0.049	0	0	0.445
9606.ENSP00000309968	9606.ENSP00000451828	ADAM17	AKT1	9606	0.556	0	0	0	0	0	0	0.556
9606.ENSP00000309968	9606.ENSP00000361405	ADAM17	MMP9	9606	0.616	0	0	0	0.047	0	0	0.613
9606.ENSP00000309968	9606.ENSP00000362680	ADAM17	SRC	9606	0.632	0	0	0	0.055	0.292	0	0.494
9606.ENSP00000311032	9606.ENSP00000428056	CASP3	PIK3R1	9606	0.405	0	0	0	0.056	0	0	0.396
9606.ENSP00000311032	9606.ENSP00000360683	CASP3	PTPN1	9606	0.408	0	0	0	0.088	0	0	0.378
9606.ENSP00000311032	9606.ENSP00000393312	CASP3	FGFR1	9606	0.415	0	0	0	0.042	0	0	0.414
9606.ENSP00000311032	9606.ENSP00000358335	CASP3	MAP3K7	9606	0.417	0	0	0	0.077	0.067	0	0.377
9606.ENSP00000311032	9606.ENSP00000364898	CASP3	SYK	9606	0.435	0	0	0	0.105	0.067	0	0.377
9606.ENSP00000311032	9606.ENSP00000367608	CASP3	CA9	9606	0.439	0	0	0	0.052	0	0	0.433
9606.ENSP00000311032	9606.ENSP00000477713	CASP3	LCK	9606	0.443	0	0	0	0.057	0.067	0	0.417
9606.ENSP00000311032	9606.ENSP00000379683	CASP3	CYP19A1	9606	0.468	0	0	0	0.052	0	0	0.461
9606.ENSP00000311032	9606.ENSP00000407586	CASP3	HRAS	9606	0.48	0	0	0	0.055	0.053	0	0.466
9606.ENSP00000311032	9606.ENSP00000437125	CASP3	HSPA8	9606	0.48	0	0	0	0.049	0.069	0	0.459
9606.ENSP00000311032	9606.ENSP00000322788	CASP3	MMP1	9606	0.492	0	0	0	0.114	0	0	0.45
9606.ENSP00000311032	9606.ENSP00000347942	CASP3	RET	9606	0.518	0	0	0	0.042	0.292	0	0.347
9606.ENSP00000311032	9606.ENSP00000401888	CASP3	RAF1	9606	0.528	0	0	0	0.044	0.067	0	0.514
9606.ENSP00000311032	9606.ENSP00000499900	CASP3	JAK1	9606	0.534	0	0	0	0.098	0.067	0	0.49
9606.ENSP00000311032	9606.ENSP00000327251	CASP3	NOS2	9606	0.537	0	0	0	0	0	0	0.537
9606.ENSP00000311032	9606.ENSP00000343925	CASP3	ESR2	9606	0.543	0	0	0	0.046	0	0	0.54
9606.ENSP00000311032	9606.ENSP00000480012	CASP3	ADORA2A	9606	0.575	0	0	0	0.048	0	0	0.572
9606.ENSP00000311032	9606.ENSP00000363822	CASP3	AR	9606	0.597	0	0	0	0.046	0	0	0.595
9606.ENSP00000311032	9606.ENSP00000384273	CASP3	RELA	9606	0.607	0	0	0	0.068	0.061	0	0.587
9606.ENSP00000311032	9606.ENSP00000361423	CASP3	ABL1	9606	0.608	0	0	0	0.067	0.067	0	0.586
9606.ENSP00000311032	9606.ENSP00000419060	CASP3	BRAF	9606	0.611	0	0	0	0	0.067	0	0.6
9606.ENSP00000311032	9606.ENSP00000362680	CASP3	SRC	9606	0.685	0	0	0	0.053	0.067	0	0.672
9606.ENSP00000311032	9606.ENSP00000405330	CASP3	ESR1	9606	0.692	0	0	0	0.046	0	0	0.691
9606.ENSP00000311032	9606.ENSP00000317272	CASP3	MET	9606	0.708	0	0	0	0	0.403	0	0.53
9606.ENSP00000311032	9606.ENSP00000386135	CASP3	DAPK1	9606	0.717	0	0	0	0	0.045	0.5	0.455
9606.ENSP00000311032	9606.ENSP00000354558	CASP3	MTOR	9606	0.723	0	0	0	0.042	0	0	0.723
9606.ENSP00000311032	9606.ENSP00000313420	CASP3	PRKDC	9606	0.732	0	0	0	0.042	0.51	0	0.475
9606.ENSP00000311032	9606.ENSP00000324173	CASP3	HSPA5	9606	0.793	0	0	0	0.044	0.069	0	0.786
9606.ENSP00000311032	9606.ENSP00000361405	CASP3	MMP9	9606	0.806	0	0	0	0.101	0	0	0.793
9606.ENSP00000311032	9606.ENSP00000378699	CASP3	CDK1	9606	0.862	0	0	0	0.137	0	0	0.846
9606.ENSP00000311032	9606.ENSP00000335153	CASP3	HSP90AA1	9606	0.878	0	0	0	0.05	0.071	0	0.873
9606.ENSP00000311032	9606.ENSP00000451828	CASP3	AKT1	9606	0.945	0	0	0	0.044	0.311	0	0.923
9606.ENSP00000311032	9606.ENSP00000358327	CASP3	CASP7	9606	0.95	0	0	0.069	0.134	0.421	0.9	0.096
9606.ENSP00000313420	9606.ENSP00000378699	PRKDC	CDK1	9606	0.537	0	0	0	0.152	0.058	0	0.467
9606.ENSP00000313420	9606.ENSP00000384273	PRKDC	RELA	9606	0.554	0	0	0	0.062	0.445	0	0.212
9606.ENSP00000313420	9606.ENSP00000354558	PRKDC	MTOR	9606	0.582	0	0	0	0.154	0.431	0	0.202
9606.ENSP00000313420	9606.ENSP00000383003	PRKDC	FKBP1A	9606	0.583	0	0	0	0.05	0.143	0	0.528
9606.ENSP00000313420	9606.ENSP00000363822	PRKDC	AR	9606	0.672	0	0	0	0	0.51	0	0.358
9606.ENSP00000313420	9606.ENSP00000405330	PRKDC	ESR1	9606	0.717	0	0	0	0	0.306	0	0.61
9606.ENSP00000313420	9606.ENSP00000335153	PRKDC	HSP90AA1	9606	0.733	0	0	0	0.091	0.208	0	0.659
9606.ENSP00000313420	9606.ENSP00000361423	PRKDC	ABL1	9606	0.802	0	0	0	0.048	0.315	0	0.721
9606.ENSP00000313420	9606.ENSP00000451828	PRKDC	AKT1	9606	0.889	0	0	0	0.068	0.633	0	0.703
9606.ENSP00000317272	9606.ENSP00000451828	MET	AKT1	9606	0.408	0	0	0	0	0.071	0	0.389
9606.ENSP00000317272	9606.ENSP00000367608	MET	CA9	9606	0.441	0	0	0	0.086	0	0	0.414
9606.ENSP00000317272	9606.ENSP00000364898	MET	SYK	9606	0.505	0	0	0	0	0.195	0	0.411
9606.ENSP00000317272	9606.ENSP00000363822	MET	AR	9606	0.507	0	0	0	0.046	0.071	0	0.488
9606.ENSP00000317272	9606.ENSP00000347942	MET	RET	9606	0.559	0	0	0	0	0.094	0	0.534
9606.ENSP00000317272	9606.ENSP00000354558	MET	MTOR	9606	0.62	0	0	0	0	0.073	0	0.607
9606.ENSP00000317272	9606.ENSP00000405330	MET	ESR1	9606	0.68	0	0	0	0.111	0.071	0	0.643
9606.ENSP00000317272	9606.ENSP00000361405	MET	MMP9	9606	0.746	0	0	0	0.049	0	0	0.744
9606.ENSP00000317272	9606.ENSP00000335153	MET	HSP90AA1	9606	0.768	0	0	0	0.047	0.558	0	0.494
9606.ENSP00000317272	9606.ENSP00000428056	MET	PIK3R1	9606	0.872	0	0	0	0	0.197	0.65	0.582
9606.ENSP00000317272	9606.ENSP00000499900	MET	JAK1	9606	0.917	0	0	0	0.049	0.071	0.9	0.174
9606.ENSP00000317272	9606.ENSP00000366563	MET	PIK3CD	9606	0.922	0	0	0	0	0.069	0.9	0.232
9606.ENSP00000317272	9606.ENSP00000501150	MET	PIK3CB	9606	0.925	0	0	0	0.042	0.069	0.9	0.265
9606.ENSP00000317272	9606.ENSP00000360683	MET	PTPN1	9606	0.954	0	0	0	0	0.692	0.4	0.771
9606.ENSP00000317272	9606.ENSP00000407586	MET	HRAS	9606	0.961	0	0	0	0.074	0.368	0.9	0.414
9606.ENSP00000317272	9606.ENSP00000362680	MET	SRC	9606	0.993	0	0	0	0.067	0.682	0.9	0.8
9606.ENSP00000319635	9606.ENSP00000451828	CXCR2	AKT1	9606	0.562	0	0	0	0.086	0	0	0.541
9606.ENSP00000319635	9606.ENSP00000322788	CXCR2	MMP1	9606	0.589	0	0	0	0.141	0	0	0.541
9606.ENSP00000319635	9606.ENSP00000362680	CXCR2	SRC	9606	0.709	0	0	0	0.084	0	0.5	0.417
9606.ENSP00000319635	9606.ENSP00000361405	CXCR2	MMP9	9606	0.78	0	0	0	0.165	0	0	0.747
9606.ENSP00000321584	9606.ENSP00000335153	IMPDH2	HSP90AA1	9606	0.445	0	0	0	0.177	0.094	0	0.315
9606.ENSP00000321584	9606.ENSP00000443965	IMPDH2	ADK	9606	0.635	0	0	0	0.076	0	0	0.621
9606.ENSP00000321584	9606.ENSP00000451828	IMPDH2	AKT1	9606	0.678	0	0	0	0.049	0.294	0	0.558
9606.ENSP00000321584	9606.ENSP00000430269	IMPDH2	EPHX2	9606	0.884	0.105	0	0	0.095	0.162	0.806	0.258
9606.ENSP00000322788	9606.ENSP00000362680	MMP1	SRC	9606	0.406	0	0	0	0.059	0	0	0.395
9606.ENSP00000322788	9606.ENSP00000405330	MMP1	ESR1	9606	0.41	0	0	0	0	0	0	0.41
9606.ENSP00000322788	9606.ENSP00000451828	MMP1	AKT1	9606	0.578	0	0	0	0.055	0	0	0.571
9606.ENSP00000322788	9606.ENSP00000324173	MMP1	HSPA5	9606	0.646	0	0	0	0	0	0	0.646
9606.ENSP00000322788	9606.ENSP00000361405	MMP1	MMP9	9606	0.974	0	0	0	0.154	0	0.9	0.725
9606.ENSP00000324173	9606.ENSP00000361405	HSPA5	MMP9	9606	0.413	0	0	0	0	0	0	0.413
9606.ENSP00000324173	9606.ENSP00000494664	HSPA5	HK1	9606	0.451	0	0	0	0.074	0.069	0	0.414
9606.ENSP00000324173	9606.ENSP00000362680	HSPA5	SRC	9606	0.492	0	0	0	0	0.179	0	0.406
9606.ENSP00000324173	9606.ENSP00000354558	HSPA5	MTOR	9606	0.52	0	0	0	0.042	0.07	0	0.505
9606.ENSP00000324173	9606.ENSP00000363822	HSPA5	AR	9606	0.573	0	0	0	0	0.356	0	0.363
9606.ENSP00000324173	9606.ENSP00000401888	HSPA5	RAF1	9606	0.667	0	0	0	0.042	0.381	0	0.483
9606.ENSP00000324173	9606.ENSP00000405330	HSPA5	ESR1	9606	0.668	0	0	0	0	0.258	0	0.57
9606.ENSP00000324173	9606.ENSP00000384273	HSPA5	RELA	9606	0.715	0	0	0	0.046	0.604	0	0.305
9606.ENSP00000324173	9606.ENSP00000419060	HSPA5	BRAF	9606	0.773	0	0	0	0	0.521	0	0.545
9606.ENSP00000324173	9606.ENSP00000358327	HSPA5	CASP7	9606	0.966	0	0	0	0.042	0.524	0	0.932
9606.ENSP00000324173	9606.ENSP00000335153	HSPA5	HSP90AA1	9606	0.968	0	0.001	0	0.379	0.462	0	0.912
9606.ENSP00000324173	9606.ENSP00000451828	HSPA5	AKT1	9606	0.971	0	0	0	0.042	0.637	0	0.924
9606.ENSP00000324173	9606.ENSP00000437125	HSPA5	HSPA8	9606	0.983	0	0	0.057	0.308	0.756	0.5	0.823
9606.ENSP00000327251	9606.ENSP00000428056	NOS2	PIK3R1	9606	0.419	0	0	0	0	0	0.4	0.072
9606.ENSP00000327251	9606.ENSP00000384273	NOS2	RELA	9606	0.464	0	0	0	0	0.181	0	0.373
9606.ENSP00000327251	9606.ENSP00000364898	NOS2	SYK	9606	0.544	0	0	0	0	0.045	0	0.542
9606.ENSP00000327251	9606.ENSP00000431885	NOS2	TYK2	9606	0.591	0	0	0	0	0.045	0	0.589
9606.ENSP00000327251	9606.ENSP00000361405	NOS2	MMP9	9606	0.681	0	0	0	0.049	0	0	0.679
9606.ENSP00000327251	9606.ENSP00000335153	NOS2	HSP90AA1	9606	0.731	0	0	0	0	0.427	0.4	0.28
9606.ENSP00000327251	9606.ENSP00000451828	NOS2	AKT1	9606	0.976	0	0	0	0	0.045	0.9	0.775
9606.ENSP00000330032	9606.ENSP00000443965	UPP1	ADK	9606	0.638	0.092	0	0	0.042	0.102	0.414	0.331
9606.ENSP00000335153	9606.ENSP00000358327	HSP90AA1	CASP7	9606	0.405	0	0	0	0.06	0.071	0	0.373
9606.ENSP00000335153	9606.ENSP00000342105	HSP90AA1	DYRK2	9606	0.424	0	0	0	0	0.361	0	0.136
9606.ENSP00000335153	9606.ENSP00000381607	HSP90AA1	GSTP1	9606	0.43	0	0	0	0.071	0.13	0	0.351
9606.ENSP00000335153	9606.ENSP00000431885	HSP90AA1	TYK2	9606	0.454	0	0	0	0.084	0.223	0	0.294
9606.ENSP00000335153	9606.ENSP00000386135	HSP90AA1	DAPK1	9606	0.472	0	0	0	0.05	0.292	0	0.279
9606.ENSP00000335153	9606.ENSP00000361405	HSP90AA1	MMP9	9606	0.489	0	0	0	0.051	0	0	0.484
9606.ENSP00000335153	9606.ENSP00000499900	HSP90AA1	JAK1	9606	0.516	0	0	0	0.087	0.223	0	0.372
9606.ENSP00000335153	9606.ENSP00000384273	HSP90AA1	RELA	9606	0.525	0	0	0	0.058	0.187	0	0.429
9606.ENSP00000335153	9606.ENSP00000347942	HSP90AA1	RET	9606	0.54	0	0	0	0	0.164	0	0.473
9606.ENSP00000335153	9606.ENSP00000419260	HSP90AA1	PIK3CG	9606	0.547	0	0	0	0	0	0	0.547
9606.ENSP00000335153	9606.ENSP00000360683	HSP90AA1	PTPN1	9606	0.57	0	0	0	0.09	0.091	0	0.522
9606.ENSP00000335153	9606.ENSP00000339916	HSP90AA1	LIMK2	9606	0.57	0	0	0	0.05	0.248	0	0.447
9606.ENSP00000335153	9606.ENSP00000364898	HSP90AA1	SYK	9606	0.598	0	0	0	0.044	0.136	0	0.552
9606.ENSP00000335153	9606.ENSP00000383003	HSP90AA1	FKBP1A	9606	0.647	0	0	0	0.083	0.354	0	0.452
9606.ENSP00000335153	9606.ENSP00000393312	HSP90AA1	FGFR1	9606	0.74	0	0	0	0	0.439	0	0.556
9606.ENSP00000335153	9606.ENSP00000358335	HSP90AA1	MAP3K7	9606	0.752	0	0	0	0.056	0.519	0	0.497
9606.ENSP00000335153	9606.ENSP00000428056	HSP90AA1	PIK3R1	9606	0.788	0	0	0	0.043	0	0.5	0.593
9606.ENSP00000335153	9606.ENSP00000407586	HSP90AA1	HRAS	9606	0.819	0.042	0	0	0.055	0.126	0.5	0.614
9606.ENSP00000335153	9606.ENSP00000477713	HSP90AA1	LCK	9606	0.834	0	0	0	0.056	0.659	0	0.525
9606.ENSP00000335153	9606.ENSP00000343925	HSP90AA1	ESR2	9606	0.884	0	0	0	0.054	0.379	0.5	0.653
9606.ENSP00000335153	9606.ENSP00000378699	HSP90AA1	CDK1	9606	0.91	0	0	0	0.112	0.358	0	0.855
9606.ENSP00000335153	9606.ENSP00000361423	HSP90AA1	ABL1	9606	0.983	0	0	0	0.08	0.788	0	0.922
9606.ENSP00000335153	9606.ENSP00000419060	HSP90AA1	BRAF	9606	0.984	0	0	0	0	0.784	0	0.933
9606.ENSP00000335153	9606.ENSP00000401888	HSP90AA1	RAF1	9606	0.985	0	0	0	0.054	0.941	0	0.766
9606.ENSP00000335153	9606.ENSP00000354558	HSP90AA1	MTOR	9606	0.998	0	0	0	0.095	0.994	0	0.794
9606.ENSP00000335153	9606.ENSP00000363822	HSP90AA1	AR	9606	0.999	0	0	0	0.054	0.901	0.9	0.99
9606.ENSP00000335153	9606.ENSP00000405330	HSP90AA1	ESR1	9606	0.999	0	0	0	0.054	0.889	0.5	0.988
9606.ENSP00000335153	9606.ENSP00000362680	HSP90AA1	SRC	9606	0.999	0	0	0	0.042	0.799	0.8	0.994
9606.ENSP00000335153	9606.ENSP00000437125	HSP90AA1	HSPA8	9606	0.999	0	0.001	0	0.725	0.884	0.5	0.999
9606.ENSP00000335153	9606.ENSP00000451828	HSP90AA1	AKT1	9606	0.999	0	0	0	0.049	0.883	0.9	0.996
9606.ENSP00000342105	9606.ENSP00000437125	DYRK2	HSPA8	9606	0.411	0	0	0	0	0.317	0	0.173
9606.ENSP00000343925	9606.ENSP00000477713	ESR2	LCK	9606	0.44	0	0	0	0	0.071	0	0.422
9606.ENSP00000343925	9606.ENSP00000430269	ESR2	EPHX2	9606	0.47	0	0	0	0.047	0.045	0	0.465
9606.ENSP00000343925	9606.ENSP00000361405	ESR2	MMP9	9606	0.512	0	0	0	0.074	0	0	0.495
9606.ENSP00000343925	9606.ENSP00000428056	ESR2	PIK3R1	9606	0.53	0	0	0	0	0.065	0.4	0.229
9606.ENSP00000343925	9606.ENSP00000384273	ESR2	RELA	9606	0.583	0	0	0	0	0.05	0	0.58
9606.ENSP00000343925	9606.ENSP00000363822	ESR2	AR	9606	0.588	0	0	0	0.102	0	0	0.56
9606.ENSP00000343925	9606.ENSP00000451828	ESR2	AKT1	9606	0.684	0	0	0	0.055	0.071	0	0.669
9606.ENSP00000343925	9606.ENSP00000379683	ESR2	CYP19A1	9606	0.925	0	0	0	0.048	0.056	0	0.923
9606.ENSP00000343925	9606.ENSP00000362680	ESR2	SRC	9606	0.995	0	0	0	0	0.629	0.9	0.889
9606.ENSP00000343925	9606.ENSP00000405330	ESR2	ESR1	9606	0.998	0	0	0.062	0.042	0.83	0.9	0.934
9606.ENSP00000347942	9606.ENSP00000451828	RET	AKT1	9606	0.415	0	0	0	0.056	0.074	0	0.384
9606.ENSP00000347942	9606.ENSP00000419060	RET	BRAF	9606	0.457	0	0	0	0.052	0.091	0	0.421
9606.ENSP00000347942	9606.ENSP00000354558	RET	MTOR	9606	0.483	0	0	0	0	0	0	0.483
9606.ENSP00000347942	9606.ENSP00000393312	RET	FGFR1	9606	0.53	0	0	0	0	0.099	0	0.5
9606.ENSP00000347942	9606.ENSP00000366563	RET	PIK3CD	9606	0.608	0	0	0	0	0.087	0.5	0.211
9606.ENSP00000347942	9606.ENSP00000501150	RET	PIK3CB	9606	0.65	0	0	0	0	0.087	0.5	0.295
9606.ENSP00000347942	9606.ENSP00000405330	RET	ESR1	9606	0.67	0	0	0	0.083	0.045	0	0.654
9606.ENSP00000347942	9606.ENSP00000407586	RET	HRAS	9606	0.842	0	0	0	0	0.099	0.4	0.731
9606.ENSP00000347942	9606.ENSP00000366416	RET	EDNRB	9606	0.847	0	0	0	0	0	0	0.847
9606.ENSP00000347942	9606.ENSP00000362680	RET	SRC	9606	0.859	0	0	0	0	0.392	0.5	0.575
9606.ENSP00000347942	9606.ENSP00000428056	RET	PIK3R1	9606	0.898	0	0	0	0	0.355	0.5	0.71
9606.ENSP00000353452	9606.ENSP00000451828	MYLK	AKT1	9606	0.468	0	0	0	0.071	0.062	0	0.438
9606.ENSP00000354558	9606.ENSP00000384273	MTOR	RELA	9606	0.408	0	0	0	0.06	0.069	0	0.378
9606.ENSP00000354558	9606.ENSP00000477713	MTOR	LCK	9606	0.413	0	0	0	0.042	0.073	0	0.392
9606.ENSP00000354558	9606.ENSP00000437125	MTOR	HSPA8	9606	0.43	0	0	0	0.044	0.07	0	0.411
9606.ENSP00000354558	9606.ENSP00000393312	MTOR	FGFR1	9606	0.45	0	0	0	0	0	0	0.45
9606.ENSP00000354558	9606.ENSP00000364898	MTOR	SYK	9606	0.457	0	0	0	0.042	0.073	0	0.438
9606.ENSP00000354558	9606.ENSP00000358335	MTOR	MAP3K7	9606	0.468	0	0	0	0.162	0.073	0	0.37
9606.ENSP00000354558	9606.ENSP00000379683	MTOR	CYP19A1	9606	0.507	0	0	0	0	0	0	0.507
9606.ENSP00000354558	9606.ENSP00000378699	MTOR	CDK1	9606	0.517	0	0	0	0.055	0.068	0	0.495
9606.ENSP00000354558	9606.ENSP00000363822	MTOR	AR	9606	0.548	0	0	0	0	0	0	0.548
9606.ENSP00000354558	9606.ENSP00000401888	MTOR	RAF1	9606	0.578	0	0	0	0.121	0.073	0	0.523
9606.ENSP00000354558	9606.ENSP00000361405	MTOR	MMP9	9606	0.588	0	0	0	0	0	0	0.588
9606.ENSP00000354558	9606.ENSP00000419060	MTOR	BRAF	9606	0.654	0	0	0	0.062	0.073	0	0.634
9606.ENSP00000354558	9606.ENSP00000499900	MTOR	JAK1	9606	0.667	0	0	0	0.056	0.073	0	0.65
9606.ENSP00000354558	9606.ENSP00000407586	MTOR	HRAS	9606	0.669	0	0	0	0	0.39	0	0.48
9606.ENSP00000354558	9606.ENSP00000361423	MTOR	ABL1	9606	0.692	0	0	0	0.067	0.315	0	0.557
9606.ENSP00000354558	9606.ENSP00000405330	MTOR	ESR1	9606	0.745	0	0	0	0	0.292	0	0.655
9606.ENSP00000354558	9606.ENSP00000362680	MTOR	SRC	9606	0.793	0	0	0	0.042	0.073	0	0.786
9606.ENSP00000354558	9606.ENSP00000419260	MTOR	PIK3CG	9606	0.857	0	0	0	0	0.166	0	0.836
9606.ENSP00000354558	9606.ENSP00000366563	MTOR	PIK3CD	9606	0.942	0	0	0	0.056	0.166	0.9	0.36
9606.ENSP00000354558	9606.ENSP00000501150	MTOR	PIK3CB	9606	0.943	0	0	0	0.082	0.166	0.9	0.35
9606.ENSP00000354558	9606.ENSP00000428056	MTOR	PIK3R1	9606	0.956	0	0	0	0.044	0	0.9	0.577
9606.ENSP00000354558	9606.ENSP00000383003	MTOR	FKBP1A	9606	0.999	0	0	0	0.049	0.993	0	0.997
9606.ENSP00000354558	9606.ENSP00000451828	MTOR	AKT1	9606	0.999	0	0	0	0.06	0.925	0.9	0.954
9606.ENSP00000358327	9606.ENSP00000361405	CASP7	MMP9	9606	0.422	0	0	0	0.086	0	0	0.394
9606.ENSP00000358327	9606.ENSP00000405330	CASP7	ESR1	9606	0.454	0	0	0	0.046	0	0	0.451
9606.ENSP00000358327	9606.ENSP00000378699	CASP7	CDK1	9606	0.486	0	0	0	0.123	0	0	0.438
9606.ENSP00000358327	9606.ENSP00000451828	CASP7	AKT1	9606	0.643	0	0	0	0.06	0.067	0	0.626
9606.ENSP00000358335	9606.ENSP00000405330	MAP3K7	ESR1	9606	0.484	0	0	0	0	0.071	0	0.467
9606.ENSP00000358335	9606.ENSP00000451828	MAP3K7	AKT1	9606	0.487	0	0	0	0	0	0	0.488
9606.ENSP00000358335	9606.ENSP00000384273	MAP3K7	RELA	9606	0.897	0	0	0	0.049	0.62	0.5	0.498
9606.ENSP00000358335	9606.ENSP00000381070	MAP3K7	MAP2K7	9606	0.987	0	0	0	0.059	0.727	0.9	0.58
9606.ENSP00000358814	9606.ENSP00000443965	AHCYL1	ADK	9606	0.434	0.079	0	0	0.112	0.115	0	0.31
9606.ENSP00000358814	9606.ENSP00000393312	AHCYL1	FGFR1	9606	0.472	0	0	0	0	0.099	0	0.439
9606.ENSP00000360683	9606.ENSP00000378699	PTPN1	CDK1	9606	0.488	0	0	0	0.066	0.328	0	0.248
9606.ENSP00000360683	9606.ENSP00000428056	PTPN1	PIK3R1	9606	0.56	0	0	0	0.049	0.048	0	0.553
9606.ENSP00000360683	9606.ENSP00000361423	PTPN1	ABL1	9606	0.574	0	0	0	0.049	0.346	0	0.37
9606.ENSP00000360683	9606.ENSP00000393312	PTPN1	FGFR1	9606	0.613	0	0	0	0	0.528	0	0.214
9606.ENSP00000360683	9606.ENSP00000405330	PTPN1	ESR1	9606	0.652	0	0	0	0.06	0.308	0	0.508
9606.ENSP00000360683	9606.ENSP00000499900	PTPN1	JAK1	9606	0.695	0	0	0	0.138	0.097	0.4	0.424
9606.ENSP00000360683	9606.ENSP00000451828	PTPN1	AKT1	9606	0.699	0	0	0	0.085	0.097	0	0.665
9606.ENSP00000360683	9606.ENSP00000431885	PTPN1	TYK2	9606	0.771	0	0	0	0.086	0.333	0.4	0.448
9606.ENSP00000360683	9606.ENSP00000362680	PTPN1	SRC	9606	0.979	0	0	0	0.093	0.846	0.4	0.783
9606.ENSP00000361405	9606.ENSP00000407586	MMP9	HRAS	9606	0.413	0	0	0	0	0	0	0.413
9606.ENSP00000361405	9606.ENSP00000401888	MMP9	RAF1	9606	0.437	0	0	0	0.102	0	0	0.398
9606.ENSP00000361405	9606.ENSP00000364898	MMP9	SYK	9606	0.444	0	0	0	0.194	0	0	0.338
9606.ENSP00000361405	9606.ENSP00000499900	MMP9	JAK1	9606	0.479	0	0	0	0.111	0	0	0.438
9606.ENSP00000361405	9606.ENSP00000419060	MMP9	BRAF	9606	0.483	0	0	0	0.086	0	0	0.458
9606.ENSP00000361405	9606.ENSP00000363822	MMP9	AR	9606	0.495	0	0	0	0	0	0	0.495
9606.ENSP00000361405	9606.ENSP00000367608	MMP9	CA9	9606	0.622	0	0	0	0	0	0	0.622
9606.ENSP00000361405	9606.ENSP00000378699	MMP9	CDK1	9606	0.625	0	0	0	0.056	0	0	0.62
9606.ENSP00000361405	9606.ENSP00000393312	MMP9	FGFR1	9606	0.631	0	0	0	0.055	0	0	0.626
9606.ENSP00000361405	9606.ENSP00000384273	MMP9	RELA	9606	0.658	0	0	0	0.067	0.292	0	0.524
9606.ENSP00000361405	9606.ENSP00000405330	MMP9	ESR1	9606	0.772	0	0	0	0.074	0	0	0.763
9606.ENSP00000361405	9606.ENSP00000451828	MMP9	AKT1	9606	0.827	0	0	0	0.086	0	0	0.819
9606.ENSP00000361405	9606.ENSP00000362680	MMP9	SRC	9606	0.97	0	0	0	0.075	0	0.9	0.706
9606.ENSP00000361423	9606.ENSP00000366563	ABL1	PIK3CD	9606	0.403	0	0	0	0	0.069	0	0.385
9606.ENSP00000361423	9606.ENSP00000451828	ABL1	AKT1	9606	0.409	0	0	0	0.102	0	0	0.369
9606.ENSP00000361423	9606.ENSP00000384273	ABL1	RELA	9606	0.435	0	0	0	0.115	0.098	0	0.349
9606.ENSP00000361423	9606.ENSP00000477713	ABL1	LCK	9606	0.449	0	0	0.06	0.06	0	0	0.427
9606.ENSP00000361423	9606.ENSP00000378699	ABL1	CDK1	9606	0.454	0	0	0	0.067	0.334	0	0.192
9606.ENSP00000361423	9606.ENSP00000499900	ABL1	JAK1	9606	0.482	0	0	0	0.064	0.292	0	0.28
9606.ENSP00000361423	9606.ENSP00000437125	ABL1	HSPA8	9606	0.482	0	0	0	0	0.331	0	0.258
9606.ENSP00000361423	9606.ENSP00000363822	ABL1	AR	9606	0.511	0	0	0	0.042	0.178	0	0.428
9606.ENSP00000361423	9606.ENSP00000401888	ABL1	RAF1	9606	0.532	0	0	0	0.044	0	0	0.531
9606.ENSP00000361423	9606.ENSP00000405330	ABL1	ESR1	9606	0.543	0	0	0	0	0.071	0	0.528
9606.ENSP00000361423	9606.ENSP00000364898	ABL1	SYK	9606	0.597	0	0	0	0.053	0	0	0.592
9606.ENSP00000361423	9606.ENSP00000362680	ABL1	SRC	9606	0.68	0	0	0.078	0.107	0.591	0	0.161
9606.ENSP00000361423	9606.ENSP00000407586	ABL1	HRAS	9606	0.782	0	0	0	0.081	0.11	0	0.755
9606.ENSP00000361423	9606.ENSP00000428056	ABL1	PIK3R1	9606	0.832	0	0	0	0.062	0.793	0	0.203
9606.ENSP00000362680	9606.ENSP00000437125	SRC	HSPA8	9606	0.451	0	0	0	0.042	0.179	0	0.358
9606.ENSP00000362680	9606.ENSP00000494664	SRC	HK1	9606	0.456	0	0	0	0.059	0.365	0	0.162
9606.ENSP00000362680	9606.ENSP00000379683	SRC	CYP19A1	9606	0.478	0	0	0	0.104	0.051	0	0.436
9606.ENSP00000362680	9606.ENSP00000431885	SRC	TYK2	9606	0.524	0	0	0	0.086	0.045	0	0.499
9606.ENSP00000362680	9606.ENSP00000384273	SRC	RELA	9606	0.535	0	0	0	0.12	0.098	0	0.461
9606.ENSP00000362680	9606.ENSP00000383003	SRC	FKBP1A	9606	0.577	0	0	0	0.103	0.045	0	0.546
9606.ENSP00000362680	9606.ENSP00000480012	SRC	ADORA2A	9606	0.621	0	0	0	0.047	0	0.5	0.27
9606.ENSP00000362680	9606.ENSP00000378699	SRC	CDK1	9606	0.659	0	0	0	0.06	0.334	0	0.499
9606.ENSP00000362680	9606.ENSP00000393312	SRC	FGFR1	9606	0.68	0	0	0	0	0.357	0	0.523
9606.ENSP00000362680	9606.ENSP00000419060	SRC	BRAF	9606	0.842	0	0	0.121	0.057	0.318	0.4	0.606
9606.ENSP00000362680	9606.ENSP00000477713	SRC	LCK	9606	0.876	0	0	0.064	0.042	0.422	0.4	0.663
9606.ENSP00000362680	9606.ENSP00000401888	SRC	RAF1	9606	0.954	0	0	0.122	0.082	0.377	0.9	0.239
9606.ENSP00000362680	9606.ENSP00000419260	SRC	PIK3CG	9606	0.966	0	0	0	0	0.069	0.9	0.672
9606.ENSP00000362680	9606.ENSP00000366563	SRC	PIK3CD	9606	0.967	0	0	0	0.05	0.069	0.9	0.677
9606.ENSP00000362680	9606.ENSP00000501150	SRC	PIK3CB	9606	0.967	0	0	0	0.057	0.069	0.9	0.672
9606.ENSP00000362680	9606.ENSP00000363822	SRC	AR	9606	0.985	0	0	0	0	0.748	0	0.944
9606.ENSP00000362680	9606.ENSP00000407586	SRC	HRAS	9606	0.994	0	0	0	0.102	0.496	0.9	0.891
9606.ENSP00000362680	9606.ENSP00000451828	SRC	AKT1	9606	0.995	0	0	0.171	0.088	0.601	0.5	0.977
9606.ENSP00000362680	9606.ENSP00000428056	SRC	PIK3R1	9606	0.998	0	0	0	0.054	0.88	0.9	0.847
9606.ENSP00000362680	9606.ENSP00000405330	SRC	ESR1	9606	0.999	0	0	0	0	0.925	0.9	0.996
9606.ENSP00000362680	9606.ENSP00000364898	SRC	SYK	9606	0.999	0	0	0.096	0.056	0.65	0.9	0.976
9606.ENSP00000363822	9606.ENSP00000381607	AR	GSTP1	9606	0.42	0	0	0	0	0.045	0	0.418
9606.ENSP00000363822	9606.ENSP00000378699	AR	CDK1	9606	0.484	0	0	0	0	0.045	0	0.482
9606.ENSP00000363822	9606.ENSP00000401888	AR	RAF1	9606	0.495	0	0	0	0	0.309	0	0.299
9606.ENSP00000363822	9606.ENSP00000437125	AR	HSPA8	9606	0.551	0	0	0	0	0.356	0	0.331
9606.ENSP00000363822	9606.ENSP00000369927	AR	AKR1C3	9606	0.627	0	0	0	0.052	0	0	0.623
9606.ENSP00000363822	9606.ENSP00000384273	AR	RELA	9606	0.677	0	0	0	0	0.232	0	0.597
9606.ENSP00000363822	9606.ENSP00000428056	AR	PIK3R1	9606	0.678	0	0	0	0.083	0.173	0	0.61
9606.ENSP00000363822	9606.ENSP00000419060	AR	BRAF	9606	0.683	0	0	0	0	0.071	0	0.673
9606.ENSP00000363822	9606.ENSP00000379683	AR	CYP19A1	9606	0.787	0	0	0	0	0.056	0	0.784
9606.ENSP00000363822	9606.ENSP00000451828	AR	AKT1	9606	0.895	0	0	0	0.055	0.636	0	0.721
9606.ENSP00000363822	9606.ENSP00000405330	AR	ESR1	9606	0.981	0	0	0	0.172	0	0	0.978
9606.ENSP00000364898	9606.ENSP00000384273	SYK	RELA	9606	0.434	0	0	0	0.069	0.098	0	0.38
9606.ENSP00000364898	9606.ENSP00000499900	SYK	JAK1	9606	0.627	0	0	0	0.124	0	0.5	0.218
9606.ENSP00000364898	9606.ENSP00000451828	SYK	AKT1	9606	0.628	0	0	0	0.081	0	0	0.612
9606.ENSP00000364898	9606.ENSP00000431885	SYK	TYK2	9606	0.834	0	0	0	0.082	0	0.8	0.171
9606.ENSP00000364898	9606.ENSP00000419260	SYK	PIK3CG	9606	0.882	0	0	0	0.14	0.312	0.5	0.648
9606.ENSP00000364898	9606.ENSP00000407586	SYK	HRAS	9606	0.932	0	0	0	0.074	0.11	0.9	0.276
9606.ENSP00000364898	9606.ENSP00000501150	SYK	PIK3CB	9606	0.938	0	0	0	0.049	0.069	0.9	0.39
9606.ENSP00000364898	9606.ENSP00000366563	SYK	PIK3CD	9606	0.976	0	0	0	0.092	0.069	0.9	0.758
9606.ENSP00000364898	9606.ENSP00000428056	SYK	PIK3R1	9606	0.98	0	0	0	0.05	0.536	0.9	0.605
9606.ENSP00000364898	9606.ENSP00000477713	SYK	LCK	9606	0.987	0	0	0.085	0.112	0.74	0.5	0.901
9606.ENSP00000366416	9606.ENSP00000430269	EDNRB	EPHX2	9606	0.613	0	0	0	0	0	0	0.613
9606.ENSP00000366563	9606.ENSP00000419060	PIK3CD	BRAF	9606	0.433	0	0	0	0.052	0.069	0	0.409
9606.ENSP00000366563	9606.ENSP00000477713	PIK3CD	LCK	9606	0.437	0	0	0	0.098	0.069	0	0.384
9606.ENSP00000366563	9606.ENSP00000431885	PIK3CD	TYK2	9606	0.76	0	0	0	0.161	0.069	0.65	0.225
9606.ENSP00000366563	9606.ENSP00000393312	PIK3CD	FGFR1	9606	0.924	0	0	0	0	0.087	0.9	0.235
9606.ENSP00000366563	9606.ENSP00000401888	PIK3CD	RAF1	9606	0.932	0	0	0	0.06	0.069	0.9	0.322
9606.ENSP00000366563	9606.ENSP00000499900	PIK3CD	JAK1	9606	0.945	0	0	0	0.103	0.069	0.9	0.42
9606.ENSP00000366563	9606.ENSP00000407586	PIK3CD	HRAS	9606	0.971	0	0	0	0.056	0.644	0.9	0.239
9606.ENSP00000366563	9606.ENSP00000451828	PIK3CD	AKT1	9606	0.976	0	0	0	0.042	0.098	0.9	0.757
9606.ENSP00000366563	9606.ENSP00000419260	PIK3CD	PIK3CG	9606	0.994	0	0	0	0.087	0.296	0.9	0.923
9606.ENSP00000366563	9606.ENSP00000501150	PIK3CD	PIK3CB	9606	0.998	0	0	0.06	0	0	0.9	0.983
9606.ENSP00000366563	9606.ENSP00000428056	PIK3CD	PIK3R1	9606	0.999	0	0	0	0.042	0.987	0.914	0.995
9606.ENSP00000367608	9606.ENSP00000405330	CA9	ESR1	9606	0.41	0	0	0	0	0.041	0	0.411
9606.ENSP00000367608	9606.ENSP00000451828	CA9	AKT1	9606	0.486	0	0	0	0.054	0	0	0.479
9606.ENSP00000369927	9606.ENSP00000405330	AKR1C3	ESR1	9606	0.424	0	0	0	0.052	0	0	0.418
9606.ENSP00000369927	9606.ENSP00000379683	AKR1C3	CYP19A1	9606	0.956	0	0	0	0.052	0	0.9	0.577
9606.ENSP00000378699	9606.ENSP00000407586	CDK1	HRAS	9606	0.422	0	0	0	0.067	0.095	0	0.37
9606.ENSP00000378699	9606.ENSP00000405330	CDK1	ESR1	9606	0.544	0	0	0	0	0.099	0	0.515
9606.ENSP00000378699	9606.ENSP00000451828	CDK1	AKT1	9606	0.562	0	0	0	0.042	0.098	0	0.534
9606.ENSP00000378699	9606.ENSP00000384273	CDK1	RELA	9606	0.586	0	0	0	0.069	0.092	0	0.549
9606.ENSP00000379683	9606.ENSP00000451828	CYP19A1	AKT1	9606	0.748	0	0	0	0	0.051	0	0.745
9606.ENSP00000379683	9606.ENSP00000405330	CYP19A1	ESR1	9606	0.927	0	0	0	0.042	0.056	0	0.925
9606.ENSP00000381070	9606.ENSP00000384273	MAP2K7	RELA	9606	0.496	0	0	0	0.074	0.045	0	0.476
9606.ENSP00000381070	9606.ENSP00000407586	MAP2K7	HRAS	9606	0.513	0	0	0	0.042	0.096	0	0.483
9606.ENSP00000381070	9606.ENSP00000419060	MAP2K7	BRAF	9606	0.584	0	0	0	0.049	0.535	0	0.135
9606.ENSP00000381070	9606.ENSP00000451828	MAP2K7	AKT1	9606	0.686	0	0	0	0.074	0.091	0	0.657
9606.ENSP00000381607	9606.ENSP00000451828	GSTP1	AKT1	9606	0.401	0	0	0	0.043	0	0	0.4
9606.ENSP00000381607	9606.ENSP00000407586	GSTP1	HRAS	9606	0.522	0	0	0	0.048	0.054	0	0.512
9606.ENSP00000381607	9606.ENSP00000405330	GSTP1	ESR1	9606	0.536	0	0	0	0	0.045	0	0.534
9606.ENSP00000381607	9606.ENSP00000386135	GSTP1	DAPK1	9606	0.67	0	0	0	0.053	0	0	0.666
9606.ENSP00000383003	9606.ENSP00000451828	FKBP1A	AKT1	9606	0.734	0	0	0	0.049	0.045	0	0.73
9606.ENSP00000384273	9606.ENSP00000431885	RELA	TYK2	9606	0.431	0	0	0	0.157	0.098	0	0.312
9606.ENSP00000384273	9606.ENSP00000477713	RELA	LCK	9606	0.436	0	0	0	0.07	0.098	0	0.381
9606.ENSP00000384273	9606.ENSP00000499900	RELA	JAK1	9606	0.482	0	0	0	0.115	0.098	0	0.403
9606.ENSP00000384273	9606.ENSP00000437125	RELA	HSPA8	9606	0.557	0	0	0	0.067	0.451	0	0.204
9606.ENSP00000384273	9606.ENSP00000407586	RELA	HRAS	9606	0.654	0	0	0	0.054	0.078	0.5	0.3
9606.ENSP00000384273	9606.ENSP00000451828	RELA	AKT1	9606	0.78	0	0	0	0.063	0.098	0	0.761
9606.ENSP00000384273	9606.ENSP00000401888	RELA	RAF1	9606	0.925	0	0	0	0.101	0.098	0.9	0.186
9606.ENSP00000384273	9606.ENSP00000405330	RELA	ESR1	9606	0.978	0	0	0	0	0.787	0	0.904
9606.ENSP00000386135	9606.ENSP00000407586	DAPK1	HRAS	9606	0.407	0	0	0	0.065	0.223	0	0.249
9606.ENSP00000386135	9606.ENSP00000405330	DAPK1	ESR1	9606	0.426	0	0	0	0	0	0	0.426
9606.ENSP00000386135	9606.ENSP00000401888	DAPK1	RAF1	9606	0.462	0	0	0	0.046	0.071	0	0.442
9606.ENSP00000386135	9606.ENSP00000437125	DAPK1	HSPA8	9606	0.485	0	0	0	0.067	0.109	0	0.43
9606.ENSP00000393312	9606.ENSP00000419060	FGFR1	BRAF	9606	0.402	0	0	0	0.052	0.091	0	0.362
9606.ENSP00000393312	9606.ENSP00000451828	FGFR1	AKT1	9606	0.552	0	0	0	0.05	0.316	0	0.365
9606.ENSP00000393312	9606.ENSP00000405330	FGFR1	ESR1	9606	0.555	0	0	0	0	0.045	0	0.553
9606.ENSP00000393312	9606.ENSP00000480012	FGFR1	ADORA2A	9606	0.718	0	0	0	0	0.046	0	0.717
9606.ENSP00000393312	9606.ENSP00000501150	FGFR1	PIK3CB	9606	0.933	0	0	0	0	0.087	0.9	0.334
9606.ENSP00000393312	9606.ENSP00000407586	FGFR1	HRAS	9606	0.962	0	0	0	0	0.099	0.9	0.614
9606.ENSP00000393312	9606.ENSP00000428056	FGFR1	PIK3R1	9606	0.992	0	0	0	0.042	0.813	0.9	0.653
9606.ENSP00000401888	9606.ENSP00000499900	RAF1	JAK1	9606	0.438	0	0	0	0.101	0.336	0	0.134
9606.ENSP00000401888	9606.ENSP00000494664	RAF1	HK1	9606	0.444	0	0	0	0.042	0.045	0	0.441
9606.ENSP00000401888	9606.ENSP00000477713	RAF1	LCK	9606	0.492	0	0	0.098	0.078	0.377	0	0.134
9606.ENSP00000401888	9606.ENSP00000419260	RAF1	PIK3CG	9606	0.639	0	0	0	0.044	0.069	0	0.627
9606.ENSP00000401888	9606.ENSP00000405330	RAF1	ESR1	9606	0.642	0	0	0	0	0.071	0	0.63
9606.ENSP00000401888	9606.ENSP00000437125	RAF1	HSPA8	9606	0.776	0	0	0	0.067	0.614	0	0.427
9606.ENSP00000401888	9606.ENSP00000501150	RAF1	PIK3CB	9606	0.939	0	0	0	0.059	0.069	0.9	0.387
9606.ENSP00000401888	9606.ENSP00000428056	RAF1	PIK3R1	9606	0.944	0	0	0	0.042	0.263	0.9	0.303
9606.ENSP00000401888	9606.ENSP00000451828	RAF1	AKT1	9606	0.992	0	0	0.145	0.075	0.816	0.9	0.557
9606.ENSP00000401888	9606.ENSP00000407586	RAF1	HRAS	9606	0.999	0	0	0	0.074	0.999	0.9	0.985
9606.ENSP00000401888	9606.ENSP00000419060	RAF1	BRAF	9606	0.999	0	0	0.066	0	0.927	0.9	0.983
9606.ENSP00000405330	9606.ENSP00000480012	ESR1	ADORA2A	9606	0.424	0	0	0	0	0	0	0.425
9606.ENSP00000405330	9606.ENSP00000430269	ESR1	EPHX2	9606	0.501	0	0	0	0.052	0.045	0	0.492
9606.ENSP00000405330	9606.ENSP00000477713	ESR1	LCK	9606	0.557	0	0	0	0	0.071	0	0.542
9606.ENSP00000405330	9606.ENSP00000407586	ESR1	HRAS	9606	0.715	0	0	0	0	0.073	0	0.705
9606.ENSP00000405330	9606.ENSP00000419060	ESR1	BRAF	9606	0.746	0	0	0	0	0.071	0	0.738
9606.ENSP00000405330	9606.ENSP00000451828	ESR1	AKT1	9606	0.913	0	0	0	0.055	0.314	0	0.877
9606.ENSP00000405330	9606.ENSP00000437125	ESR1	HSPA8	9606	0.919	0	0	0	0	0.799	0	0.617
9606.ENSP00000405330	9606.ENSP00000428056	ESR1	PIK3R1	9606	0.994	0	0	0	0	0.708	0.4	0.971
9606.ENSP00000407586	9606.ENSP00000499900	HRAS	JAK1	9606	0.623	0	0	0	0.074	0.11	0.4	0.328
9606.ENSP00000407586	9606.ENSP00000477713	HRAS	LCK	9606	0.695	0	0	0	0.074	0.129	0.5	0.333
9606.ENSP00000407586	9606.ENSP00000451828	HRAS	AKT1	9606	0.896	0	0	0	0.103	0.11	0	0.88
9606.ENSP00000407586	9606.ENSP00000501150	HRAS	PIK3CB	9606	0.963	0	0	0	0.056	0.133	0.9	0.61
9606.ENSP00000407586	9606.ENSP00000428056	HRAS	PIK3R1	9606	0.99	0	0	0	0	0.688	0.9	0.707
9606.ENSP00000407586	9606.ENSP00000419260	HRAS	PIK3CG	9606	0.998	0	0	0	0.051	0.95	0.9	0.626
9606.ENSP00000407586	9606.ENSP00000419060	HRAS	BRAF	9606	0.999	0	0	0	0.074	0.921	0.9	0.952
9606.ENSP00000419060	9606.ENSP00000501150	BRAF	PIK3CB	9606	0.557	0	0	0	0.078	0.069	0	0.525
9606.ENSP00000419060	9606.ENSP00000419260	BRAF	PIK3CG	9606	0.569	0	0	0	0.046	0.069	0	0.553
9606.ENSP00000419060	9606.ENSP00000428056	BRAF	PIK3R1	9606	0.6	0	0	0	0.049	0.093	0	0.574
9606.ENSP00000419060	9606.ENSP00000451828	BRAF	AKT1	9606	0.783	0	0	0.131	0	0.631	0	0.376
9606.ENSP00000419060	9606.ENSP00000437125	BRAF	HSPA8	9606	0.806	0	0	0	0	0.632	0	0.496
9606.ENSP00000419260	9606.ENSP00000451828	PIK3CG	AKT1	9606	0.994	0	0	0	0	0.098	0.9	0.947
9606.ENSP00000419260	9606.ENSP00000501150	PIK3CG	PIK3CB	9606	0.997	0	0	0	0	0.045	0.9	0.976
9606.ENSP00000419260	9606.ENSP00000428056	PIK3CG	PIK3R1	9606	0.999	0	0	0	0.055	0.492	0.914	0.987
9606.ENSP00000428056	9606.ENSP00000431885	PIK3R1	TYK2	9606	0.716	0	0	0	0	0.093	0.65	0.178
9606.ENSP00000428056	9606.ENSP00000499900	PIK3R1	JAK1	9606	0.939	0	0	0	0.067	0.093	0.9	0.373
9606.ENSP00000428056	9606.ENSP00000477713	PIK3R1	LCK	9606	0.939	0	0	0	0.049	0.579	0.4	0.776
9606.ENSP00000428056	9606.ENSP00000451828	PIK3R1	AKT1	9606	0.995	0	0	0	0.058	0.558	0.9	0.913
9606.ENSP00000428056	9606.ENSP00000501150	PIK3R1	PIK3CB	9606	0.999	0	0	0	0.049	0.936	0.914	0.996
9606.ENSP00000430269	9606.ENSP00000477713	EPHX2	LCK	9606	0.42	0	0	0	0.072	0	0	0.401
9606.ENSP00000430269	9606.ENSP00000451828	EPHX2	AKT1	9606	0.628	0	0	0	0.06	0	0	0.62
9606.ENSP00000431885	9606.ENSP00000451828	TYK2	AKT1	9606	0.556	0	0	0	0.158	0	0	0.494
9606.ENSP00000431885	9606.ENSP00000501150	TYK2	PIK3CB	9606	0.709	0	0	0	0.055	0.069	0.65	0.168
9606.ENSP00000431885	9606.ENSP00000499900	TYK2	JAK1	9606	0.998	0	0	0.07	0.049	0.292	0.9	0.983
9606.ENSP00000437125	9606.ENSP00000451828	HSPA8	AKT1	9606	0.85	0	0	0	0.049	0.521	0	0.697
9606.ENSP00000443965	9606.ENSP00000480012	ADK	ADORA2A	9606	0.655	0	0	0	0	0	0	0.655
9606.ENSP00000443965	9606.ENSP00000498610	ADK	SLC29A1	9606	0.733	0	0	0	0.042	0	0	0.732
9606.ENSP00000451828	9606.ENSP00000480012	AKT1	ADORA2A	9606	0.428	0	0	0	0.088	0	0	0.399
9606.ENSP00000451828	9606.ENSP00000494664	AKT1	HK1	9606	0.552	0	0	0	0.049	0.209	0	0.452
9606.ENSP00000451828	9606.ENSP00000477713	AKT1	LCK	9606	0.799	0	0	0.155	0.078	0.045	0.5	0.543
9606.ENSP00000451828	9606.ENSP00000501150	AKT1	PIK3CB	9606	0.992	0	0	0	0.049	0.334	0.9	0.901
9606.ENSP00000477713	9606.ENSP00000501150	LCK	PIK3CB	9606	0.537	0	0	0	0.05	0.069	0.4	0.231
9606.ENSP00000477713	9606.ENSP00000499900	LCK	JAK1	9606	0.669	0	0	0	0.056	0.045	0.4	0.461
9606.ENSP00000480012	9606.ENSP00000498610	ADORA2A	SLC29A1	9606	0.718	0	0	0	0	0.053	0	0.714
9606.ENSP00000499900	9606.ENSP00000501150	JAK1	PIK3CB	9606	0.933	0	0	0	0.133	0.069	0.9	0.267
